RegistrationPair,Mattes,Pearson
1001_3x1000_3,-0.443981,0.987079
1002_3x1000_3,-0.4414,1.02439
1003_3x1000_3,-0.410201,1.06718
1004_3x1000_3,-0.413793,1.0737
1005_3x1000_3,-0.455426,1.03521
1006_3x1000_3,-0.404959,1.06158
1007_3x1000_3,-0.386147,1.05601
1008_3x1000_3,-0.457646,1.03896
1009_3x1000_3,-0.402942,1.03334
1010_3x1000_3,-0.440446,0.933914
1011_3x1000_3,-0.479426,1.02768
1012_3x1000_3,-0.410294,0.999238
1013_3x1000_3,-0.420593,1.01032
1014_3x1000_3,-0.388948,1.04809
1015_3x1000_3,-0.393691,1.06125
1017_3x1000_3,-0.461766,0.970552
1018_3x1000_3,-0.397049,1.02828
1019_3x1000_3,-0.396281,1.04677
1023_3x1000_3,-0.413264,1.07368
1024_3x1000_3,-0.445273,1.04134
1025_3x1000_3,-0.41798,1.07146
1036_3x1000_3,-0.371435,1.03507
1038_3x1000_3,-0.386874,1.04504
1039_3x1000_3,-0.387845,1.04272
1101_3x1000_3,-0.450501,0.984011
1104_3x1000_3,-0.497826,0.999889
1107_3x1000_3,-0.384955,0.995762
1110_3x1000_3,-0.36166,1.01869
1113_3x1000_3,-0.37409,1.00876
1116_3x1000_3,-0.379959,1.02023
1119_3x1000_3,-0.411186,1.00696
1122_3x1000_3,-0.4138,0.972268
1125_3x1000_3,-0.458805,0.939964
1128_3x1000_3,-0.424705,0.946241
1102_3x1000_3,-0.504871,1.06203
1103_3x1000_3,-0.423208,1.10628
1105_3x1000_3,-0.486128,1.06851
1106_3x1000_3,-0.384384,0.984076
1108_3x1000_3,-0.446749,1.05502
1111_3x1000_3,-0.381189,1.03923
1114_3x1000_3,-0.418564,0.999805
1117_3x1000_3,-0.447972,1.05768
1120_3x1000_3,-0.365599,0.988577
1127_3x1000_3,-0.477688,1.03313
1135_1x1000_3,-0.409782,0.732556
1137_1x1000_3,-0.431925,0.759565
1000_3x1001_3,-0.457986,1.03524
1002_3x1001_3,-0.403105,0.953697
1003_3x1001_3,-0.389857,1.02665
1004_3x1001_3,-0.42567,1.09178
1005_3x1001_3,-0.449451,1.0499
1006_3x1001_3,-0.393042,1.03733
1007_3x1001_3,-0.383779,1.02211
1008_3x1001_3,-0.440454,0.997453
1009_3x1001_3,-0.405914,1.04686
1010_3x1001_3,-0.468663,1.00379
1011_3x1001_3,-0.461631,1.06097
1012_3x1001_3,-0.387301,1.00686
1013_3x1001_3,-0.430689,1.06438
1014_3x1001_3,-0.356597,0.974307
1015_3x1001_3,-0.385378,1.05052
1017_3x1001_3,-0.423526,0.880644
1018_3x1001_3,-0.389544,1.00211
1019_3x1001_3,-0.373114,1.01579
1023_3x1001_3,-0.392855,1.02478
1024_3x1001_3,-0.45639,1.07501
1025_3x1001_3,-0.419352,1.09361
1036_3x1001_3,-0.363812,1.05304
1038_3x1001_3,-0.379387,1.01501
1039_3x1001_3,-0.355259,1.01252
1101_3x1001_3,-0.427244,0.938698
1104_3x1001_3,-0.476532,1.02228
1107_3x1001_3,-0.346697,0.884043
1110_3x1001_3,-0.361945,0.999299
1113_3x1001_3,-0.365701,0.967173
1116_3x1001_3,-0.351802,0.983606
1119_3x1001_3,-0.384828,0.964145
1122_3x1001_3,-0.395626,0.995288
1125_3x1001_3,-0.469485,0.992901
1128_3x1001_3,-0.382418,0.866007
1102_3x1001_3,-0.484739,1.03035
1103_3x1001_3,-0.407662,1.08389
1105_3x1001_3,-0.427485,0.968754
1106_3x1001_3,-0.368982,0.9289
1108_3x1001_3,-0.39159,0.954414
1111_3x1001_3,-0.37452,1.02678
1114_3x1001_3,-0.389586,0.945479
1117_3x1001_3,-0.411632,1.01743
1120_3x1001_3,-0.376512,1.02469
1127_3x1001_3,-0.411336,0.938596
1135_1x1001_3,-0.427326,0.746337
1137_1x1001_3,-0.445854,0.746255
1000_3x1002_3,-0.48617,1.05276
1001_3x1002_3,-0.401249,0.904624
1003_3x1002_3,-0.37831,1.00727
1004_3x1002_3,-0.381339,1.00021
1005_3x1002_3,-0.445601,0.985633
1006_3x1002_3,-0.386862,1.01565
1007_3x1002_3,-0.366164,1.00345
1008_3x1002_3,-0.431124,0.961633
1009_3x1002_3,-0.359006,0.966893
1010_3x1002_3,-0.413915,0.907467
1011_3x1002_3,-0.429147,0.940278
1012_3x1002_3,-0.374895,0.927434
1013_3x1002_3,-0.384241,0.920617
1014_3x1002_3,-0.363926,0.96523
1015_3x1002_3,-0.379629,1.04081
1017_3x1002_3,-0.465081,0.957715
1018_3x1002_3,-0.375829,0.968699
1019_3x1002_3,-0.354915,0.980662
1023_3x1002_3,-0.390656,1.00144
1024_3x1002_3,-0.417811,0.967913
1025_3x1002_3,-0.406317,1.02921
1036_3x1002_3,-0.327669,0.997125
1038_3x1002_3,-0.365315,0.983026
1039_3x1002_3,-0.345347,0.965408
1101_3x1002_3,-0.450448,0.938258
1104_3x1002_3,-0.441014,0.936219
1107_3x1002_3,-0.390194,1.01165
1110_3x1002_3,-0.352672,1.00788
1113_3x1002_3,-0.359892,0.966068
1116_3x1002_3,-0.32634,0.919629
1119_3x1002_3,-0.381513,0.971031
1122_3x1002_3,-0.369745,0.910348
1125_3x1002_3,-0.439496,0.8973
1128_3x1002_3,-0.412834,0.921738
1102_3x1002_3,-0.451785,0.97388
1103_3x1002_3,-0.399877,1.05577
1105_3x1002_3,-0.489244,1.07463
1106_3x1002_3,-0.398801,1.0301
1108_3x1002_3,-0.413257,0.996852
1111_3x1002_3,-0.346174,0.986008
1114_3x1002_3,-0.410179,1.01332
1117_3x1002_3,-0.39853,0.946527
1120_3x1002_3,-0.335043,0.962807
1127_3x1002_3,-0.44262,0.991391
1135_1x1002_3,-0.361912,0.662256
1137_1x1002_3,-0.378301,0.672504
1000_3x1003_3,-0.479646,1.08828
1001_3x1003_3,-0.44471,1.00047
1002_3x1003_3,-0.418012,0.987899
1004_3x1003_3,-0.412071,1.06347
1005_3x1003_3,-0.438966,1.01929
1006_3x1003_3,-0.427109,1.09111
1007_3x1003_3,-0.394002,1.06053
1008_3x1003_3,-0.45643,1.03816
1009_3x1003_3,-0.401186,1.01859
1010_3x1003_3,-0.435093,0.91239
1011_3x1003_3,-0.449719,1.00761
1012_3x1003_3,-0.387825,0.978556
1013_3x1003_3,-0.408588,1.00179
1014_3x1003_3,-0.385625,1.04894
1015_3x1003_3,-0.418601,1.09229
1017_3x1003_3,-0.446728,0.980993
1018_3x1003_3,-0.401587,1.03015
1019_3x1003_3,-0.38855,1.04875
1023_3x1003_3,-0.534895,1.16959
1024_3x1003_3,-0.436172,1.02532
1025_3x1003_3,-0.409901,1.05832
1036_3x1003_3,-0.350294,1.00676
1038_3x1003_3,-0.391588,1.04677
1039_3x1003_3,-0.368618,1.03343
1101_3x1003_3,-0.444927,1.0025
1104_3x1003_3,-0.461085,0.975843
1107_3x1003_3,-0.376538,0.995488
1110_3x1003_3,-0.390749,1.0623
1113_3x1003_3,-0.409549,1.06342
1116_3x1003_3,-0.360076,1.00235
1119_3x1003_3,-0.414459,1.0178
1122_3x1003_3,-0.385872,0.928755
1125_3x1003_3,-0.45248,0.949246
1128_3x1003_3,-0.405109,0.927383
1102_3x1003_3,-0.489483,1.04014
1103_3x1003_3,-0.409436,1.07337
1105_3x1003_3,-0.453397,1.0527
1106_3x1003_3,-0.400959,1.00031
1108_3x1003_3,-0.420959,1.02035
1111_3x1003_3,-0.399284,1.05977
1114_3x1003_3,-0.417811,1.0108
1117_3x1003_3,-0.431783,1.04305
1120_3x1003_3,-0.364652,0.98444
1127_3x1003_3,-0.427675,0.99852
1135_1x1003_3,-0.402204,0.724537
1137_1x1003_3,-0.437585,0.726864
1000_3x1004_3,-0.441275,1.03228
1001_3x1004_3,-0.444638,1.02285
1002_3x1004_3,-0.382315,0.947907
1003_3x1004_3,-0.374011,1.02181
1005_3x1004_3,-0.469958,1.05147
1006_3x1004_3,-0.406714,1.05064
1007_3x1004_3,-0.38265,1.01722
1008_3x1004_3,-0.415217,0.978097
1009_3x1004_3,-0.394792,1.06051
1010_3x1004_3,-0.452183,0.99873
1011_3x1004_3,-0.4316,1.03306
1012_3x1004_3,-0.367312,0.992491
1013_3x1004_3,-0.397462,1.03238
1014_3x1004_3,-0.327179,0.953527
1015_3x1004_3,-0.39308,1.05102
1017_3x1004_3,-0.416101,0.880306
1018_3x1004_3,-0.385121,1.01121
1019_3x1004_3,-0.369727,1.00514
1023_3x1004_3,-0.399806,1.04893
1024_3x1004_3,-0.584047,1.19222
1025_3x1004_3,-0.431749,1.08572
1036_3x1004_3,-0.365017,1.03767
1038_3x1004_3,-0.379043,1.02057
1039_3x1004_3,-0.348198,0.994369
1101_3x1004_3,-0.411242,0.947362
1104_3x1004_3,-0.454217,1.01557
1107_3x1004_3,-0.320292,0.854791
1110_3x1004_3,-0.358924,0.992479
1113_3x1004_3,-0.378025,0.968102
1116_3x1004_3,-0.363315,1.00744
1119_3x1004_3,-0.378711,0.959771
1122_3x1004_3,-0.381752,0.985922
1125_3x1004_3,-0.449839,0.99504
1128_3x1004_3,-0.364928,0.885742
1102_3x1004_3,-0.474211,1.03663
1103_3x1004_3,-0.427279,1.09346
1105_3x1004_3,-0.407644,0.95553
1106_3x1004_3,-0.374859,0.923925
1108_3x1004_3,-0.375723,0.953757
1111_3x1004_3,-0.367446,1.0123
1114_3x1004_3,-0.39843,0.948825
1117_3x1004_3,-0.385374,0.99769
1120_3x1004_3,-0.372314,1.02114
1127_3x1004_3,-0.390897,0.922697
1135_1x1004_3,-0.425172,0.745096
1137_1x1004_3,-0.455522,0.738694
1000_3x1005_3,-0.453121,1.04595
1001_3x1005_3,-0.446377,1.03054
1002_3x1005_3,-0.409058,0.987317
1003_3x1005_3,-0.376204,1.02617
1004_3x1005_3,-0.44172,1.10519
1006_3x1005_3,-0.413815,1.07111
1007_3x1005_3,-0.37121,1.01351
1008_3x1005_3,-0.423121,0.995699
1009_3x1005_3,-0.39246,1.05072
1010_3x1005_3,-0.445664,0.988903
1011_3x1005_3,-0.436938,1.04186
1012_3x1005_3,-0.374523,1.00303
1013_3x1005_3,-0.398128,1.02079
1014_3x1005_3,-0.333061,0.957296
1015_3x1005_3,-0.395961,1.06735
1017_3x1005_3,-0.427755,0.888252
1018_3x1005_3,-0.381786,1.00543
1019_3x1005_3,-0.363139,1.00696
1023_3x1005_3,-0.389463,1.0264
1024_3x1005_3,-0.472443,1.08624
1025_3x1005_3,-0.558173,1.20239
1036_3x1005_3,-0.355227,1.05176
1038_3x1005_3,-0.374161,1.01643
1039_3x1005_3,-0.346734,1.00116
1101_3x1005_3,-0.425072,0.949638
1104_3x1005_3,-0.449383,1.00398
1107_3x1005_3,-0.332222,0.911208
1110_3x1005_3,-0.35566,0.999009
1113_3x1005_3,-0.374849,0.981479
1116_3x1005_3,-0.371418,1.01765
1119_3x1005_3,-0.388596,0.980008
1122_3x1005_3,-0.384167,0.979915
1125_3x1005_3,-0.454766,0.970663
1128_3x1005_3,-0.371015,0.865704
1102_3x1005_3,-0.477483,1.03988
1103_3x1005_3,-0.423907,1.10937
1105_3x1005_3,-0.428574,0.994331
1106_3x1005_3,-0.38007,0.960361
1108_3x1005_3,-0.383995,0.974433
1111_3x1005_3,-0.364894,1.01981
1114_3x1005_3,-0.40594,0.974197
1117_3x1005_3,-0.390417,0.999129
1120_3x1005_3,-0.374302,1.03763
1127_3x1005_3,-0.40681,0.95647
1135_1x1005_3,-0.41233,0.754511
1137_1x1005_3,-0.443838,0.767264
1000_3x1006_3,-0.44648,1.06383
1001_3x1006_3,-0.422126,0.991068
1002_3x1006_3,-0.406092,0.998462
1003_3x1006_3,-0.401056,1.08077
1004_3x1006_3,-0.422062,1.07323
1005_3x1006_3,-0.461968,1.04159
1007_3x1006_3,-0.381198,1.06784
1008_3x1006_3,-0.444024,1.05166
1009_3x1006_3,-0.375632,1.01625
1010_3x1006_3,-0.428036,0.913124
1011_3x1006_3,-0.420948,1.00152
1012_3x1006_3,-0.356694,0.957439
1013_3x1006_3,-0.385167,0.988159
1014_3x1006_3,-0.351799,1.02423
1015_3x1006_3,-0.398738,1.07062
1017_3x1006_3,-0.449286,0.999842
1018_3x1006_3,-0.407243,1.06513
1019_3x1006_3,-0.363147,1.02974
1023_3x1006_3,-0.414047,1.09123
1024_3x1006_3,-0.444963,1.04102
1025_3x1006_3,-0.425413,1.08203
1036_3x1006_3,-0.332272,0.988653
1038_3x1006_3,-0.397886,1.07338
1039_3x1006_3,-0.340487,1.00588
1101_3x1006_3,-0.442055,1.01977
1104_3x1006_3,-0.426305,0.953367
1107_3x1006_3,-0.345939,0.985295
1110_3x1006_3,-0.366257,1.0492
1113_3x1006_3,-0.40601,1.07197
1116_3x1006_3,-0.363945,1.01163
1119_3x1006_3,-0.396757,1.01553
1122_3x1006_3,-0.358086,0.912347
1125_3x1006_3,-0.43281,0.937692
1128_3x1006_3,-0.367601,0.906263
1102_3x1006_3,-0.450492,1.01787
1103_3x1006_3,-0.4113,1.09769
1105_3x1006_3,-0.43061,1.03808
1106_3x1006_3,-0.391151,1.00721
1108_3x1006_3,-0.387492,1.01437
1111_3x1006_3,-0.371584,1.05359
1114_3x1006_3,-0.432688,1.0372
1117_3x1006_3,-0.391582,1.02248
1120_3x1006_3,-0.346938,0.98132
1127_3x1006_3,-0.401071,0.973024
1135_1x1006_3,-0.394205,0.734274
1137_1x1006_3,-0.426327,0.75401
1000_3x1007_3,-0.474502,1.07141
1001_3x1007_3,-0.460927,0.991373
1002_3x1007_3,-0.416484,0.980647
1003_3x1007_3,-0.411919,1.0575
1004_3x1007_3,-0.439262,1.06099
1005_3x1007_3,-0.457265,1.00898
1006_3x1007_3,-0.423136,1.07178
1008_3x1007_3,-0.473671,1.06307
1009_3x1007_3,-0.399021,0.99004
1010_3x1007_3,-0.450663,0.906656
1011_3x1007_3,-0.459164,1.01767
1012_3x1007_3,-0.390977,0.950175
1013_3x1007_3,-0.409838,1.00116
1014_3x1007_3,-0.378585,1.0388
1015_3x1007_3,-0.425017,1.08477
1017_3x1007_3,-0.445553,0.96906
1018_3x1007_3,-0.41503,1.03834
1019_3x1007_3,-0.394119,1.04094
1023_3x1007_3,-0.426261,1.07257
1024_3x1007_3,-0.457985,1.02258
1025_3x1007_3,-0.426706,1.04979
1036_3x1007_3,-0.36162,0.974653
1038_3x1007_3,-0.405387,1.0543
1039_3x1007_3,-0.371775,1.01995
1101_3x1007_3,-0.463236,1.01895
1104_3x1007_3,-0.463598,0.939747
1107_3x1007_3,-0.360933,0.960593
1110_3x1007_3,-0.384344,1.03745
1113_3x1007_3,-0.402716,1.03415
1116_3x1007_3,-0.362643,0.973504
1119_3x1007_3,-0.405774,0.980303
1122_3x1007_3,-0.389266,0.901542
1125_3x1007_3,-0.461709,0.93859
1128_3x1007_3,-0.406675,0.94984
1102_3x1007_3,-0.487534,1.01615
1103_3x1007_3,-0.439173,1.0743
1105_3x1007_3,-0.449894,1.04824
1106_3x1007_3,-0.396631,0.964979
1108_3x1007_3,-0.42189,1.03038
1111_3x1007_3,-0.398239,1.05156
1114_3x1007_3,-0.429915,1.01465
1117_3x1007_3,-0.42214,1.04307
1120_3x1007_3,-0.374754,0.962418
1127_3x1007_3,-0.425436,0.993379
1135_1x1007_3,-0.413828,0.731692
1137_1x1007_3,-0.448554,0.727207
1000_3x1008_3,-0.498547,1.06848
1001_3x1008_3,-0.463771,0.986971
1002_3x1008_3,-0.440474,0.975885
1003_3x1008_3,-0.417036,1.06367
1004_3x1008_3,-0.419574,1.03429
1005_3x1008_3,-0.458785,1.0021
1006_3x1008_3,-0.432439,1.0799
1007_3x1008_3,-0.413272,1.0881
1009_3x1008_3,-0.410613,1.00454
1010_3x1008_3,-0.456057,0.869679
1011_3x1008_3,-0.466235,1.00109
1012_3x1008_3,-0.39151,0.952293
1013_3x1008_3,-0.428285,1.00844
1014_3x1008_3,-0.401479,1.05756
1015_3x1008_3,-0.408824,1.0658
1017_3x1008_3,-0.471425,0.978181
1018_3x1008_3,-0.425268,1.06375
1019_3x1008_3,-0.385737,1.02365
1023_3x1008_3,-0.426681,1.0829
1024_3x1008_3,-0.447091,0.994947
1025_3x1008_3,-0.429264,1.0527
1036_3x1008_3,-0.351425,0.953297
1038_3x1008_3,-0.416082,1.07413
1039_3x1008_3,-0.369051,1.00258
1101_3x1008_3,-0.48516,1.03794
1104_3x1008_3,-0.463849,0.916097
1107_3x1008_3,-0.380132,0.973042
1110_3x1008_3,-0.379085,1.03148
1113_3x1008_3,-0.400736,1.04784
1116_3x1008_3,-0.369527,0.984746
1119_3x1008_3,-0.405255,0.982883
1122_3x1008_3,-0.392202,0.897609
1125_3x1008_3,-0.461584,0.910613
1128_3x1008_3,-0.40895,0.951393
1102_3x1008_3,-0.486995,0.992108
1103_3x1008_3,-0.422526,1.07241
1105_3x1008_3,-0.461519,1.02311
1106_3x1008_3,-0.394207,0.961659
1108_3x1008_3,-0.432206,1.03557
1111_3x1008_3,-0.393603,1.04837
1114_3x1008_3,-0.424364,0.995217
1117_3x1008_3,-0.441922,1.04901
1120_3x1008_3,-0.365672,0.950948
1127_3x1008_3,-0.441298,0.98931
1135_1x1008_3,-0.408817,0.695702
1137_1x1008_3,-0.436115,0.714713
1000_3x1009_3,-0.474897,1.06463
1001_3x1009_3,-0.470498,1.03089
1002_3x1009_3,-0.400528,0.966088
1003_3x1009_3,-0.402286,1.03622
1004_3x1009_3,-0.435616,1.10674
1005_3x1009_3,-0.457153,1.0514
1006_3x1009_3,-0.401662,1.03957
1007_3x1009_3,-0.380687,1.00979
1008_3x1009_3,-0.452803,0.99388
1010_3x1009_3,-0.469903,1.01991
1011_3x1009_3,-0.468577,1.02975
1012_3x1009_3,-0.404779,1.03778
1013_3x1009_3,-0.419423,1.02131
1014_3x1009_3,-0.366785,0.986931
1015_3x1009_3,-0.391242,1.03576
1017_3x1009_3,-0.424499,0.884355
1018_3x1009_3,-0.39414,1.02346
1019_3x1009_3,-0.380088,1.00341
1023_3x1009_3,-0.405315,1.04326
1024_3x1009_3,-0.463298,1.09785
1025_3x1009_3,-0.423495,1.07617
1036_3x1009_3,-0.365201,1.04069
1038_3x1009_3,-0.386847,1.03989
1039_3x1009_3,-0.35757,1.00047
1101_3x1009_3,-0.432947,0.955235
1104_3x1009_3,-0.482233,1.03592
1107_3x1009_3,-0.354884,0.897143
1110_3x1009_3,-0.373717,0.999391
1113_3x1009_3,-0.379687,0.984048
1116_3x1009_3,-0.379053,1.03243
1119_3x1009_3,-0.397105,0.966174
1122_3x1009_3,-0.410474,1.01982
1125_3x1009_3,-0.47425,1.02288
1128_3x1009_3,-0.383606,0.874895
1102_3x1009_3,-0.50497,1.06358
1103_3x1009_3,-0.416586,1.0961
1105_3x1009_3,-0.430433,0.990411
1106_3x1009_3,-0.374282,0.937196
1108_3x1009_3,-0.411644,0.975052
1111_3x1009_3,-0.390521,1.02947
1114_3x1009_3,-0.400057,0.939699
1117_3x1009_3,-0.422735,1.00832
1120_3x1009_3,-0.384162,1.04875
1127_3x1009_3,-0.411308,0.934525
1135_1x1009_3,-0.434028,0.770873
1137_1x1009_3,-0.466021,0.764591
1000_3x1010_3,-0.445906,0.96431
1001_3x1010_3,-0.463794,0.988262
1002_3x1010_3,-0.396875,0.939854
1003_3x1010_3,-0.371759,0.935412
1004_3x1010_3,-0.426502,1.04396
1005_3x1010_3,-0.444714,0.991035
1006_3x1010_3,-0.387278,0.940257
1007_3x1010_3,-0.367204,0.929596
1008_3x1010_3,-0.423806,0.874307
1009_3x1010_3,-0.399399,1.02139
1011_3x1010_3,-0.432363,0.956472
1012_3x1010_3,-0.382946,0.98854
1013_3x1010_3,-0.405304,0.957358
1014_3x1010_3,-0.337684,0.864832
1015_3x1010_3,-0.370502,0.976561
1017_3x1010_3,-0.423228,0.786814
1018_3x1010_3,-0.376058,0.911416
1019_3x1010_3,-0.356384,0.943272
1023_3x1010_3,-0.391166,0.936807
1024_3x1010_3,-0.47158,1.07253
1025_3x1010_3,-0.405669,1.01735
1036_3x1010_3,-0.3715,1.05143
1038_3x1010_3,-0.366392,0.925079
1039_3x1010_3,-0.339058,0.943597
1101_3x1010_3,-0.423422,0.834949
1104_3x1010_3,-0.485696,1.03209
1107_3x1010_3,-0.335544,0.812115
1110_3x1010_3,-0.348875,0.925232
1113_3x1010_3,-0.360929,0.865141
1116_3x1010_3,-0.344156,0.929201
1119_3x1010_3,-0.375487,0.868289
1122_3x1010_3,-0.390658,0.984984
1125_3x1010_3,-0.479383,1.00678
1128_3x1010_3,-0.364645,0.792024
1102_3x1010_3,-0.470612,0.982538
1103_3x1010_3,-0.403902,1.04798
1105_3x1010_3,-0.424646,0.918674
1106_3x1010_3,-0.365683,0.876828
1108_3x1010_3,-0.386421,0.889354
1111_3x1010_3,-0.3552,0.935813
1114_3x1010_3,-0.392482,0.867499
1117_3x1010_3,-0.391757,0.914586
1120_3x1010_3,-0.373262,1.01094
1127_3x1010_3,-0.403085,0.880398
1135_1x1010_3,-0.450848,0.777994
1137_1x1010_3,-0.473098,0.773277
1000_3x1011_3,-0.504354,1.0622
1001_3x1011_3,-0.475326,1.04939
1002_3x1011_3,-0.417408,0.958742
1003_3x1011_3,-0.401279,1.04185
1004_3x1011_3,-0.427272,1.09252
1005_3x1011_3,-0.46193,1.04565
1006_3x1011_3,-0.400239,1.03847
1007_3x1011_3,-0.389141,1.04795
1008_3x1011_3,-0.452426,1.00774
1009_3x1011_3,-0.418138,1.04866
1010_3x1011_3,-0.452703,0.956649
1012_3x1011_3,-0.410382,1.01453
1013_3x1011_3,-0.433617,1.04737
1014_3x1011_3,-0.376253,0.993646
1015_3x1011_3,-0.396673,1.05575
1017_3x1011_3,-0.439366,0.900927
1018_3x1011_3,-0.39213,1.01599
1019_3x1011_3,-0.384425,1.02723
1023_3x1011_3,-0.409231,1.04909
1024_3x1011_3,-0.455551,1.07188
1025_3x1011_3,-0.424506,1.08039
1036_3x1011_3,-0.36861,1.03892
1038_3x1011_3,-0.384158,1.02606
1039_3x1011_3,-0.36747,1.02205
1101_3x1011_3,-0.454838,0.967273
1104_3x1011_3,-0.48393,1.0071
1107_3x1011_3,-0.366588,0.905874
1110_3x1011_3,-0.369273,1.00489
1113_3x1011_3,-0.370676,0.982412
1116_3x1011_3,-0.371962,1.00371
1119_3x1011_3,-0.3977,0.972619
1122_3x1011_3,-0.409196,0.990666
1125_3x1011_3,-0.468643,0.996498
1128_3x1011_3,-0.399,0.897973
1102_3x1011_3,-0.511516,1.03795
1103_3x1011_3,-0.416511,1.08892
1105_3x1011_3,-0.45314,0.979528
1106_3x1011_3,-0.374891,0.9393
1108_3x1011_3,-0.434655,0.997928
1111_3x1011_3,-0.386029,1.0397
1114_3x1011_3,-0.401478,0.949824
1117_3x1011_3,-0.437431,1.03624
1120_3x1011_3,-0.379487,1.02463
1127_3x1011_3,-0.436942,0.954152
1135_1x1011_3,-0.433053,0.732522
1137_1x1011_3,-0.448466,0.741962
1000_3x1012_3,-0.487852,1.04477
1001_3x1012_3,-0.455215,1.01201
1002_3x1012_3,-0.401303,0.93145
1003_3x1012_3,-0.393113,1.00368
1004_3x1012_3,-0.413979,1.06465
1005_3x1012_3,-0.446967,1.02994
1006_3x1012_3,-0.38012,0.98956
1007_3x1012_3,-0.376834,0.976697
1008_3x1012_3,-0.428915,0.951308
1009_3x1012_3,-0.417524,1.04701
1010_3x1012_3,-0.458562,1.00207
1011_3x1012_3,-0.467804,1.01462
1013_3x1012_3,-0.420627,0.999971
1014_3x1012_3,-0.381707,0.969275
1015_3x1012_3,-0.389178,1.02237
1017_3x1012_3,-0.420125,0.849097
1018_3x1012_3,-0.383655,0.974196
1019_3x1012_3,-0.402852,1.01946
1023_3x1012_3,-0.395912,0.998087
1024_3x1012_3,-0.446126,1.05919
1025_3x1012_3,-0.40994,1.05325
1036_3x1012_3,-0.398794,1.06789
1038_3x1012_3,-0.376422,0.993624
1039_3x1012_3,-0.397201,1.03189
1101_3x1012_3,-0.428934,0.908103
1104_3x1012_3,-0.536689,1.0436
1107_3x1012_3,-0.363681,0.875125
1110_3x1012_3,-0.375672,0.984683
1113_3x1012_3,-0.36174,0.932306
1116_3x1012_3,-0.371559,1.00768
1119_3x1012_3,-0.396619,0.932579
1122_3x1012_3,-0.452712,1.02957
1125_3x1012_3,-0.461553,1.00198
1128_3x1012_3,-0.424017,0.866262
1102_3x1012_3,-0.522206,1.05552
1103_3x1012_3,-0.413507,1.07424
1105_3x1012_3,-0.429821,0.964442
1106_3x1012_3,-0.366705,0.902354
1108_3x1012_3,-0.419395,0.958007
1111_3x1012_3,-0.38347,1.0083
1114_3x1012_3,-0.38459,0.892694
1117_3x1012_3,-0.437719,1.00419
1120_3x1012_3,-0.404695,1.06208
1127_3x1012_3,-0.426342,0.932342
1135_1x1012_3,-0.440073,0.765961
1137_1x1012_3,-0.459208,0.754303
1000_3x1013_3,-0.474021,1.03451
1001_3x1013_3,-0.474763,1.04251
1002_3x1013_3,-0.408971,0.921395
1003_3x1013_3,-0.388824,1.01826
1004_3x1013_3,-0.416647,1.06993
1005_3x1013_3,-0.445084,1.01165
1006_3x1013_3,-0.392847,1.00657
1007_3x1013_3,-0.369522,1.02008
1008_3x1013_3,-0.443165,0.998032
1009_3x1013_3,-0.398513,1.02295
1010_3x1013_3,-0.452813,0.955611
1011_3x1013_3,-0.462549,1.02947
1012_3x1013_3,-0.393856,0.992935
1014_3x1013_3,-0.366954,0.989613
1015_3x1013_3,-0.376351,1.01382
1017_3x1013_3,-0.430696,0.874208
1018_3x1013_3,-0.386368,1.00375
1019_3x1013_3,-0.375378,1.00576
1023_3x1013_3,-0.391647,1.02794
1024_3x1013_3,-0.445509,1.06357
1025_3x1013_3,-0.408415,1.04309
1036_3x1013_3,-0.355436,1.00412
1038_3x1013_3,-0.378234,1.01865
1039_3x1013_3,-0.361439,1.00339
1101_3x1013_3,-0.432448,0.944895
1104_3x1013_3,-0.468472,0.986997
1107_3x1013_3,-0.35792,0.882729
1110_3x1013_3,-0.362434,0.993157
1113_3x1013_3,-0.36739,0.972763
1116_3x1013_3,-0.354823,0.973161
1119_3x1013_3,-0.375872,0.926379
1122_3x1013_3,-0.395802,0.972139
1125_3x1013_3,-0.452914,0.969313
1128_3x1013_3,-0.391901,0.891672
1102_3x1013_3,-0.471704,1.00315
1103_3x1013_3,-0.395248,1.04747
1105_3x1013_3,-0.444124,0.961876
1106_3x1013_3,-0.361967,0.908911
1108_3x1013_3,-0.401394,0.95727
1111_3x1013_3,-0.372547,1.0128
1114_3x1013_3,-0.3816,0.907966
1117_3x1013_3,-0.42741,1.02701
1120_3x1013_3,-0.36357,0.973211
1127_3x1013_3,-0.424772,0.937614
1135_1x1013_3,-0.41398,0.729056
1137_1x1013_3,-0.425719,0.712665
1000_3x1014_3,-0.4959,1.08707
1001_3x1014_3,-0.441147,0.958281
1002_3x1014_3,-0.431761,0.975871
1003_3x1014_3,-0.417778,1.07225
1004_3x1014_3,-0.389968,1.01567
1005_3x1014_3,-0.420957,0.967084
1006_3x1014_3,-0.402797,1.05523
1007_3x1014_3,-0.392207,1.0638
1008_3x1014_3,-0.474624,1.06009
1009_3x1014_3,-0.393427,0.993929
1010_3x1014_3,-0.427122,0.849488
1011_3x1014_3,-0.456413,0.987584
1012_3x1014_3,-0.408719,0.965116
1013_3x1014_3,-0.417237,0.996858
1015_3x1014_3,-0.394396,1.04338
1017_3x1014_3,-0.440006,0.962438
1018_3x1014_3,-0.408899,1.04996
1019_3x1014_3,-0.386658,1.02931
1023_3x1014_3,-0.417733,1.08023
1024_3x1014_3,-0.411878,0.971339
1025_3x1014_3,-0.394107,1.01678
1036_3x1014_3,-0.351237,0.959399
1038_3x1014_3,-0.399377,1.06316
1039_3x1014_3,-0.372863,1.01573
1101_3x1014_3,-0.465301,1.02683
1104_3x1014_3,-0.474666,0.927993
1107_3x1014_3,-0.394766,0.994767
1110_3x1014_3,-0.378211,1.03865
1113_3x1014_3,-0.392461,1.04362
1116_3x1014_3,-0.363288,0.99029
1119_3x1014_3,-0.405995,1.00265
1122_3x1014_3,-0.397392,0.918565
1125_3x1014_3,-0.434213,0.884743
1128_3x1014_3,-0.423218,0.95581
1102_3x1014_3,-0.482808,1.00195
1103_3x1014_3,-0.395493,1.05038
1105_3x1014_3,-0.445863,1.01581
1106_3x1014_3,-0.382193,0.976257
1108_3x1014_3,-0.429792,1.04561
1111_3x1014_3,-0.387598,1.04628
1114_3x1014_3,-0.406476,0.985277
1117_3x1014_3,-0.44288,1.05827
1120_3x1014_3,-0.359908,0.945934
1127_3x1014_3,-0.428156,0.974317
1135_1x1014_3,-0.396187,0.673563
1137_1x1014_3,-0.418759,0.699521
1000_3x1015_3,-0.45625,1.04302
1001_3x1015_3,-0.438936,0.989186
1002_3x1015_3,-0.409147,1.0032
1003_3x1015_3,-0.413354,1.07692
1004_3x1015_3,-0.431551,1.06096
1005_3x1015_3,-0.464483,1.02544
1006_3x1015_3,-0.418964,1.05933
1007_3x1015_3,-0.404318,1.06881
1008_3x1015_3,-0.439345,1.01887
1009_3x1015_3,-0.388329,1.00894
1010_3x1015_3,-0.42837,0.929918
1011_3x1015_3,-0.439867,1.00141
1012_3x1015_3,-0.379857,0.97861
1013_3x1015_3,-0.392346,0.987195
1014_3x1015_3,-0.358942,0.999349
1017_3x1015_3,-0.433893,0.93728
1018_3x1015_3,-0.400943,1.02737
1019_3x1015_3,-0.394137,1.0565
1023_3x1015_3,-0.428775,1.08036
1024_3x1015_3,-0.446581,1.02265
1025_3x1015_3,-0.436711,1.0822
1036_3x1015_3,-0.359347,1.03405
1038_3x1015_3,-0.393792,1.0396
1039_3x1015_3,-0.369246,1.03062
1101_3x1015_3,-0.432608,0.980245
1104_3x1015_3,-0.450496,0.957042
1107_3x1015_3,-0.354141,0.967232
1110_3x1015_3,-0.39439,1.06273
1113_3x1015_3,-0.401072,1.02623
1116_3x1015_3,-0.363575,0.978773
1119_3x1015_3,-0.409095,0.996289
1122_3x1015_3,-0.386929,0.940513
1125_3x1015_3,-0.455188,0.959062
1128_3x1015_3,-0.411286,0.951869
1102_3x1015_3,-0.488208,1.02295
1103_3x1015_3,-0.429615,1.09397
1105_3x1015_3,-0.442663,1.03392
1106_3x1015_3,-0.39643,0.990832
1108_3x1015_3,-0.40409,1.02258
1111_3x1015_3,-0.390496,1.04665
1114_3x1015_3,-0.423377,1.00511
1117_3x1015_3,-0.409854,1.01938
1120_3x1015_3,-0.376032,1.01313
1127_3x1015_3,-0.421657,0.991307
1135_1x1015_3,-0.411592,0.723358
1137_1x1015_3,-0.447741,0.746414
1000_3x1017_3,-0.471761,1.01594
1001_3x1017_3,-0.410868,0.890396
1002_3x1017_3,-0.452268,1.01644
1003_3x1017_3,-0.386126,1.01642
1004_3x1017_3,-0.391806,0.96253
1005_3x1017_3,-0.436098,0.91587
1006_3x1017_3,-0.411394,1.05739
1007_3x1017_3,-0.367247,1.00604
1008_3x1017_3,-0.43899,1.00051
1009_3x1017_3,-0.361734,0.92092
1010_3x1017_3,-0.421704,0.80331
1011_3x1017_3,-0.421901,0.920499
1012_3x1017_3,-0.363158,0.864589
1013_3x1017_3,-0.384674,0.912946
1014_3x1017_3,-0.353973,0.979789
1015_3x1017_3,-0.380177,1.00903
1018_3x1017_3,-0.379842,0.9831
1019_3x1017_3,-0.357468,0.959544
1023_3x1017_3,-0.397867,1.03235
1024_3x1017_3,-0.419508,0.911029
1025_3x1017_3,-0.400459,0.982335
1036_3x1017_3,-0.330836,0.898528
1038_3x1017_3,-0.372251,0.989536
1039_3x1017_3,-0.338175,0.931649
1101_3x1017_3,-0.442395,0.9634
1104_3x1017_3,-0.43296,0.853025
1107_3x1017_3,-0.377744,0.999057
1110_3x1017_3,-0.348589,0.970115
1113_3x1017_3,-0.36986,0.992564
1116_3x1017_3,-0.336934,0.912918
1119_3x1017_3,-0.390076,0.989922
1122_3x1017_3,-0.363497,0.827809
1125_3x1017_3,-0.441278,0.853822
1128_3x1017_3,-0.377369,0.90948
1102_3x1017_3,-0.436153,0.91782
1103_3x1017_3,-0.390863,1.00062
1105_3x1017_3,-0.461101,1.00987
1106_3x1017_3,-0.381009,0.976176
1108_3x1017_3,-0.396905,0.975998
1111_3x1017_3,-0.353922,0.972456
1114_3x1017_3,-0.418803,1.0188
1117_3x1017_3,-0.397616,0.954515
1120_3x1017_3,-0.336366,0.881838
1127_3x1017_3,-0.443044,0.979199
1135_1x1017_3,-0.399848,0.58863
1137_1x1017_3,-0.409818,0.58999
1000_3x1018_3,-0.480603,1.08184
1001_3x1018_3,-0.45906,1.00428
1002_3x1018_3,-0.429288,0.985132
1003_3x1018_3,-0.410247,1.06115
1004_3x1018_3,-0.437891,1.08609
1005_3x1018_3,-0.464063,1.03433
1006_3x1018_3,-0.446021,1.10277
1007_3x1018_3,-0.409935,1.07173
1008_3x1018_3,-0.477332,1.07155
1009_3x1018_3,-0.404871,1.03933
1010_3x1018_3,-0.45278,0.917019
1011_3x1018_3,-0.453569,1.01576
1012_3x1018_3,-0.390735,0.97927
1013_3x1018_3,-0.415795,1.015
1014_3x1018_3,-0.387229,1.05644
1015_3x1018_3,-0.41745,1.07278
1017_3x1018_3,-0.453997,0.979112
1019_3x1018_3,-0.388169,1.02299
1023_3x1018_3,-0.426993,1.09337
1024_3x1018_3,-0.455875,1.05029
1025_3x1018_3,-0.435133,1.07065
1036_3x1018_3,-0.352999,0.963158
1038_3x1018_3,-0.550418,1.16126
1039_3x1018_3,-0.371248,1.00949
1101_3x1018_3,-0.473424,1.0362
1104_3x1018_3,-0.463421,0.958215
1107_3x1018_3,-0.366128,0.962949
1110_3x1018_3,-0.383563,1.0373
1113_3x1018_3,-0.417162,1.05399
1116_3x1018_3,-0.384692,1.04231
1119_3x1018_3,-0.401704,1.00086
1122_3x1018_3,-0.391667,0.946238
1125_3x1018_3,-0.451071,0.961169
1128_3x1018_3,-0.415111,0.953177
1102_3x1018_3,-0.479619,1.02828
1103_3x1018_3,-0.440361,1.0903
1105_3x1018_3,-0.443421,1.03175
1106_3x1018_3,-0.40533,0.976139
1108_3x1018_3,-0.418907,1.03006
1111_3x1018_3,-0.397927,1.05281
1114_3x1018_3,-0.421306,1.00243
1117_3x1018_3,-0.422759,1.04295
1120_3x1018_3,-0.370266,0.987411
1127_3x1018_3,-0.413909,0.967337
1135_1x1018_3,-0.406639,0.705218
1137_1x1018_3,-0.441279,0.708872
1000_3x1019_3,-0.444693,1.0291
1001_3x1019_3,-0.416436,0.969364
1002_3x1019_3,-0.382413,0.949577
1003_3x1019_3,-0.38572,1.05486
1004_3x1019_3,-0.401647,1.03764
1005_3x1019_3,-0.414683,0.977865
1006_3x1019_3,-0.382908,1.03951
1007_3x1019_3,-0.375588,1.04275
1008_3x1019_3,-0.414661,0.989754
1009_3x1019_3,-0.374817,0.995821
1010_3x1019_3,-0.406156,0.906789
1011_3x1019_3,-0.422207,0.990218
1012_3x1019_3,-0.381416,0.983453
1013_3x1019_3,-0.379937,0.985683
1014_3x1019_3,-0.349681,0.995375
1015_3x1019_3,-0.396458,1.07804
1017_3x1019_3,-0.409771,0.902795
1018_3x1019_3,-0.37045,0.993957
1023_3x1019_3,-0.391867,1.05079
1024_3x1019_3,-0.41598,1.00422
1025_3x1019_3,-0.391433,1.03975
1036_3x1019_3,-0.360432,1.03675
1038_3x1019_3,-0.362038,1.00497
1039_3x1019_3,-0.489195,1.14697
1101_3x1019_3,-0.406625,0.962148
1104_3x1019_3,-0.452608,0.960385
1107_3x1019_3,-0.336682,0.932611
1110_3x1019_3,-0.378242,1.04966
1113_3x1019_3,-0.37344,1.02039
1116_3x1019_3,-0.342324,0.956443
1119_3x1019_3,-0.395725,0.993395
1122_3x1019_3,-0.387518,0.944547
1125_3x1019_3,-0.421744,0.928071
1128_3x1019_3,-0.397076,0.941191
1102_3x1019_3,-0.473201,1.00822
1103_3x1019_3,-0.392924,1.05911
1105_3x1019_3,-0.422526,1.01327
1106_3x1019_3,-0.361712,0.961216
1108_3x1019_3,-0.398393,1.02521
1111_3x1019_3,-0.378533,1.05039
1114_3x1019_3,-0.388514,0.984674
1117_3x1019_3,-0.406329,1.03289
1120_3x1019_3,-0.37063,1.00481
1127_3x1019_3,-0.404142,0.96426
1135_1x1019_3,-0.410161,0.735716
1137_1x1019_3,-0.449855,0.765173
1000_3x1023_3,-0.47897,1.0686
1001_3x1023_3,-0.440307,0.975477
1002_3x1023_3,-0.418352,0.966081
1003_3x1023_3,-0.524435,1.14547
1004_3x1023_3,-0.432946,1.06916
1005_3x1023_3,-0.448423,0.997399
1006_3x1023_3,-0.433903,1.07838
1007_3x1023_3,-0.400816,1.05454
1008_3x1023_3,-0.459936,1.0377
1009_3x1023_3,-0.400395,1.00764
1010_3x1023_3,-0.450027,0.900374
1011_3x1023_3,-0.449982,0.995042
1012_3x1023_3,-0.385045,0.954486
1013_3x1023_3,-0.40638,0.99094
1014_3x1023_3,-0.378158,1.03624
1015_3x1023_3,-0.427815,1.07248
1017_3x1023_3,-0.45678,0.974759
1018_3x1023_3,-0.409929,1.03868
1019_3x1023_3,-0.385867,1.02058
1024_3x1023_3,-0.456674,1.02819
1025_3x1023_3,-0.416676,1.03403
1036_3x1023_3,-0.352689,0.960333
1038_3x1023_3,-0.399575,1.05259
1039_3x1023_3,-0.363014,1.00043
1101_3x1023_3,-0.458702,1.0152
1104_3x1023_3,-0.46081,0.94623
1107_3x1023_3,-0.363776,0.955953
1110_3x1023_3,-0.390294,1.04517
1113_3x1023_3,-0.414233,1.057
1116_3x1023_3,-0.365063,1.0012
1119_3x1023_3,-0.413825,0.996979
1122_3x1023_3,-0.382349,0.910683
1125_3x1023_3,-0.464909,0.956278
1128_3x1023_3,-0.403851,0.939654
1102_3x1023_3,-0.489384,1.01138
1103_3x1023_3,-0.421773,1.05567
1105_3x1023_3,-0.453191,1.02704
1106_3x1023_3,-0.404247,0.973529
1108_3x1023_3,-0.419362,1.00937
1111_3x1023_3,-0.392993,1.04123
1114_3x1023_3,-0.429048,0.995563
1117_3x1023_3,-0.426596,1.03173
1120_3x1023_3,-0.366173,0.958629
1127_3x1023_3,-0.423566,0.975787
1135_1x1023_3,-0.408252,0.695301
1137_1x1023_3,-0.439879,0.6936
1000_3x1024_3,-0.446348,1.01921
1001_3x1024_3,-0.452499,1.01779
1002_3x1024_3,-0.392792,0.945227
1003_3x1024_3,-0.374794,0.995399
1004_3x1024_3,-0.54685,1.18871
1005_3x1024_3,-0.473749,1.04441
1006_3x1024_3,-0.401659,1.01953
1007_3x1024_3,-0.370965,0.991671
1008_3x1024_3,-0.415701,0.948218
1009_3x1024_3,-0.397388,1.05236
1010_3x1024_3,-0.473356,1.0284
1011_3x1024_3,-0.43286,1.01713
1012_3x1024_3,-0.374022,0.995614
1013_3x1024_3,-0.400054,1.02052
1014_3x1024_3,-0.327742,0.930142
1015_3x1024_3,-0.38463,1.0299
1017_3x1024_3,-0.416595,0.849781
1018_3x1024_3,-0.378524,0.986249
1019_3x1024_3,-0.362647,0.989874
1023_3x1024_3,-0.395145,1.01554
1025_3x1024_3,-0.427438,1.0682
1036_3x1024_3,-0.367553,1.04928
1038_3x1024_3,-0.371232,0.996702
1039_3x1024_3,-0.345679,0.983533
1101_3x1024_3,-0.414146,0.916251
1104_3x1024_3,-0.466284,1.02934
1107_3x1024_3,-0.32701,0.835373
1110_3x1024_3,-0.355581,0.974988
1113_3x1024_3,-0.370696,0.93997
1116_3x1024_3,-0.356966,0.987695
1119_3x1024_3,-0.380276,0.935534
1122_3x1024_3,-0.387076,0.991454
1125_3x1024_3,-0.458561,0.994474
1128_3x1024_3,-0.364759,0.863614
1102_3x1024_3,-0.478485,1.03204
1103_3x1024_3,-0.419515,1.08372
1105_3x1024_3,-0.417955,0.943028
1106_3x1024_3,-0.374921,0.912593
1108_3x1024_3,-0.382982,0.941674
1111_3x1024_3,-0.365986,0.996537
1114_3x1024_3,-0.401401,0.928568
1117_3x1024_3,-0.38321,0.976444
1120_3x1024_3,-0.372415,1.01792
1127_3x1024_3,-0.395506,0.905782
1135_1x1024_3,-0.433691,0.758311
1137_1x1024_3,-0.461487,0.753158
1000_3x1025_3,-0.450839,1.05651
1001_3x1025_3,-0.443345,1.02975
1002_3x1025_3,-0.403268,0.997774
1003_3x1025_3,-0.37632,1.03695
1004_3x1025_3,-0.434567,1.102
1005_3x1025_3,-0.605485,1.16421
1006_3x1025_3,-0.41211,1.08067
1007_3x1025_3,-0.373458,1.02837
1008_3x1025_3,-0.426352,1.01445
1009_3x1025_3,-0.389694,1.04832
1010_3x1025_3,-0.433405,0.977509
1011_3x1025_3,-0.434011,1.0429
1012_3x1025_3,-0.371459,1.00031
1013_3x1025_3,-0.394086,1.02198
1014_3x1025_3,-0.333103,0.972186
1015_3x1025_3,-0.399956,1.08275
1017_3x1025_3,-0.426259,0.90898
1018_3x1025_3,-0.383423,1.018
1019_3x1025_3,-0.367291,1.02038
1023_3x1025_3,-0.387368,1.03768
1024_3x1025_3,-0.457024,1.07345
1036_3x1025_3,-0.353522,1.05068
1038_3x1025_3,-0.376685,1.02914
1039_3x1025_3,-0.350107,1.01342
1101_3x1025_3,-0.420256,0.962065
1104_3x1025_3,-0.44498,1.00027
1107_3x1025_3,-0.333572,0.928049
1110_3x1025_3,-0.355854,1.00898
1113_3x1025_3,-0.37642,0.99977
1116_3x1025_3,-0.374589,1.02608
1119_3x1025_3,-0.387991,0.994316
1122_3x1025_3,-0.380361,0.977542
1125_3x1025_3,-0.450324,0.969116
1128_3x1025_3,-0.375726,0.883072
1102_3x1025_3,-0.474856,1.04263
1103_3x1025_3,-0.422626,1.11149
1105_3x1025_3,-0.425594,1.00892
1106_3x1025_3,-0.381344,0.97507
1108_3x1025_3,-0.385204,0.989982
1111_3x1025_3,-0.366264,1.03356
1114_3x1025_3,-0.404184,0.994694
1117_3x1025_3,-0.388886,1.01033
1120_3x1025_3,-0.371182,1.03547
1127_3x1025_3,-0.409901,0.975873
1135_1x1025_3,-0.404655,0.748842
1137_1x1025_3,-0.437778,0.769661
1000_3x1036_3,-0.420427,1.00296
1001_3x1036_3,-0.407825,0.984449
1002_3x1036_3,-0.34495,0.94188
1003_3x1036_3,-0.345351,0.985572
1004_3x1036_3,-0.388228,1.04491
1005_3x1036_3,-0.397145,0.998301
1006_3x1036_3,-0.342297,0.97318
1007_3x1036_3,-0.336947,0.950379
1008_3x1036_3,-0.369947,0.890932
1009_3x1036_3,-0.356493,1.00744
1010_3x1036_3,-0.421504,0.997542
1011_3x1036_3,-0.397464,0.982261
1012_3x1036_3,-0.376879,1.01196
1013_3x1036_3,-0.362406,0.972868
1014_3x1036_3,-0.317763,0.906426
1015_3x1036_3,-0.352897,1.02343
1017_3x1036_3,-0.37148,0.806253
1018_3x1036_3,-0.334485,0.910321
1019_3x1036_3,-0.374809,1.0205
1023_3x1036_3,-0.350618,0.96096
1024_3x1036_3,-0.414736,1.04161
1025_3x1036_3,-0.369282,1.05078
1038_3x1036_3,-0.326114,0.924946
1039_3x1036_3,-0.37639,1.04115
1101_3x1036_3,-0.363684,0.844283
1104_3x1036_3,-0.481493,1.03931
1107_3x1036_3,-0.311691,0.874972
1110_3x1036_3,-0.33811,0.974852
1113_3x1036_3,-0.326936,0.914188
1116_3x1036_3,-0.339863,0.943469
1119_3x1036_3,-0.354581,0.922237
1122_3x1036_3,-0.408911,1.01552
1125_3x1036_3,-0.4161,0.95241
1128_3x1036_3,-0.366984,0.819958
1102_3x1036_3,-0.460699,1.0256
1103_3x1036_3,-0.37944,1.06866
1105_3x1036_3,-0.379871,0.933593
1106_3x1036_3,-0.329214,0.911576
1108_3x1036_3,-0.358875,0.920762
1111_3x1036_3,-0.3401,0.977072
1114_3x1036_3,-0.346434,0.903862
1117_3x1036_3,-0.370362,0.963791
1120_3x1036_3,-0.380263,1.05419
1127_3x1036_3,-0.377708,0.918078
1135_1x1036_3,-0.40891,0.777792
1137_1x1036_3,-0.431021,0.777705
1000_3x1038_3,-0.478714,1.07583
1001_3x1038_3,-0.457511,0.996591
1002_3x1038_3,-0.424618,0.985811
1003_3x1038_3,-0.408981,1.06526
1004_3x1038_3,-0.438264,1.08028
1005_3x1038_3,-0.464488,1.02956
1006_3x1038_3,-0.443684,1.10031
1007_3x1038_3,-0.409083,1.07436
1008_3x1038_3,-0.474789,1.07127
1009_3x1038_3,-0.405171,1.04084
1010_3x1038_3,-0.452863,0.91206
1011_3x1038_3,-0.451774,1.01613
1012_3x1038_3,-0.391261,0.985703
1013_3x1038_3,-0.416242,1.01924
1014_3x1038_3,-0.385092,1.05518
1015_3x1038_3,-0.417782,1.0767
1017_3x1038_3,-0.451203,0.967238
1018_3x1038_3,-0.564302,1.14999
1019_3x1038_3,-0.386914,1.02809
1023_3x1038_3,-0.425498,1.09237
1024_3x1038_3,-0.45658,1.04277
1025_3x1038_3,-0.434102,1.07096
1036_3x1038_3,-0.352192,0.968218
1039_3x1038_3,-0.37259,1.01387
1101_3x1038_3,-0.47333,1.03974
1104_3x1038_3,-0.461136,0.951271
1107_3x1038_3,-0.365861,0.966942
1110_3x1038_3,-0.383375,1.04333
1113_3x1038_3,-0.416481,1.05795
1116_3x1038_3,-0.383632,1.0344
1119_3x1038_3,-0.402647,1.00197
1122_3x1038_3,-0.391477,0.950782
1125_3x1038_3,-0.449912,0.953911
1128_3x1038_3,-0.410766,0.951886
1102_3x1038_3,-0.479117,1.02393
1103_3x1038_3,-0.444109,1.09672
1105_3x1038_3,-0.442746,1.02773
1106_3x1038_3,-0.407635,0.983489
1108_3x1038_3,-0.417079,1.03489
1111_3x1038_3,-0.397238,1.05831
1114_3x1038_3,-0.420302,1.003
1117_3x1038_3,-0.419795,1.04388
1120_3x1038_3,-0.369364,0.989087
1127_3x1038_3,-0.414223,0.96181
1135_1x1038_3,-0.405472,0.69867
1137_1x1038_3,-0.437557,0.722282
1000_3x1039_3,-0.457033,1.03457
1001_3x1039_3,-0.415867,0.961627
1002_3x1039_3,-0.370987,0.92313
1003_3x1039_3,-0.373879,1.02832
1004_3x1039_3,-0.389925,1.02184
1005_3x1039_3,-0.409517,0.971205
1006_3x1039_3,-0.365388,1.00208
1007_3x1039_3,-0.361815,1.01577
1008_3x1039_3,-0.407263,0.959837
1009_3x1039_3,-0.367576,0.972361
1010_3x1039_3,-0.399174,0.896432
1011_3x1039_3,-0.417061,0.976228
1012_3x1039_3,-0.397547,0.998297
1013_3x1039_3,-0.388195,0.976423
1014_3x1039_3,-0.348998,0.98301
1015_3x1039_3,-0.375878,1.0397
1017_3x1039_3,-0.390122,0.867641
1018_3x1039_3,-0.365642,0.974012
1019_3x1039_3,-0.519586,1.16379
1023_3x1039_3,-0.374103,1.0124
1024_3x1039_3,-0.408147,0.991686
1025_3x1039_3,-0.386245,1.02878
1036_3x1039_3,-0.393462,1.06301
1038_3x1039_3,-0.358578,0.990367
1101_3x1039_3,-0.389387,0.918258
1104_3x1039_3,-0.484385,0.97074
1107_3x1039_3,-0.33672,0.922519
1110_3x1039_3,-0.354386,1.01309
1113_3x1039_3,-0.355374,0.986363
1116_3x1039_3,-0.351221,0.950881
1119_3x1039_3,-0.374932,0.954496
1122_3x1039_3,-0.4167,0.962117
1125_3x1039_3,-0.411177,0.919184
1128_3x1039_3,-0.408817,0.909276
1102_3x1039_3,-0.469157,1.00422
1103_3x1039_3,-0.383277,1.04174
1105_3x1039_3,-0.410048,0.987226
1106_3x1039_3,-0.351952,0.933943
1108_3x1039_3,-0.390285,0.999067
1111_3x1039_3,-0.368701,1.02889
1114_3x1039_3,-0.363273,0.934796
1117_3x1039_3,-0.41599,1.02522
1120_3x1039_3,-0.374434,1.0061
1127_3x1039_3,-0.408287,0.952636
1135_1x1039_3,-0.38199,0.713208
1137_1x1039_3,-0.41045,0.745125
1000_3x1101_3,-0.488228,1.03403
1001_3x1101_3,-0.451118,0.934598
1002_3x1101_3,-0.447566,0.954979
1003_3x1101_3,-0.413162,1.028
1004_3x1101_3,-0.422205,1.0051
1005_3x1101_3,-0.466602,0.962793
1006_3x1101_3,-0.438952,1.05361
1007_3x1101_3,-0.407577,1.04848
1008_3x1101_3,-0.485572,1.04471
1009_3x1101_3,-0.398954,0.967645
1010_3x1101_3,-0.458076,0.843568
1011_3x1101_3,-0.46976,0.963665
1012_3x1101_3,-0.392658,0.913971
1013_3x1101_3,-0.415,0.955497
1014_3x1101_3,-0.393146,1.03491
1015_3x1101_3,-0.406275,1.01939
1017_3x1101_3,-0.47176,0.949473
1018_3x1101_3,-0.423506,1.03279
1019_3x1101_3,-0.378822,0.980018
1023_3x1101_3,-0.431764,1.06521
1024_3x1101_3,-0.452274,0.97075
1025_3x1101_3,-0.427161,0.999204
1036_3x1101_3,-0.349458,0.888525
1038_3x1101_3,-0.41442,1.04848
1039_3x1101_3,-0.358402,0.955512
1104_3x1101_3,-0.463609,0.879547
1107_3x1101_3,-0.376817,0.938403
1110_3x1101_3,-0.384411,1.01984
1113_3x1101_3,-0.412583,1.04052
1116_3x1101_3,-0.374914,0.990407
1119_3x1101_3,-0.408423,0.973176
1122_3x1101_3,-0.383985,0.858449
1125_3x1101_3,-0.465016,0.912232
1128_3x1101_3,-0.411798,0.944561
1102_3x1101_3,-0.478273,0.96253
1103_3x1101_3,-0.422105,1.01966
1105_3x1101_3,-0.477983,1.02492
1106_3x1101_3,-0.404259,0.953698
1108_3x1101_3,-0.438612,1.03218
1111_3x1101_3,-0.387465,1.01684
1114_3x1101_3,-0.437004,0.984639
1117_3x1101_3,-0.43066,1.01397
1120_3x1101_3,-0.365876,0.920182
1127_3x1101_3,-0.443011,0.966596
1135_1x1101_3,-0.414874,0.639853
1137_1x1101_3,-0.434417,0.642519
1000_3x1104_3,-0.481934,1.04774
1001_3x1104_3,-0.458148,1.03373
1002_3x1104_3,-0.393863,0.973601
1003_3x1104_3,-0.38272,1.02181
1004_3x1104_3,-0.419153,1.09779
1005_3x1104_3,-0.439505,1.03352
1006_3x1104_3,-0.375697,1.00741
1007_3x1104_3,-0.367934,0.987967
1008_3x1104_3,-0.420997,0.938411
1009_3x1104_3,-0.404599,1.06515
1010_3x1104_3,-0.475993,1.04443
1011_3x1104_3,-0.453625,1.02401
1012_3x1104_3,-0.437067,1.05017
1013_3x1104_3,-0.414292,1.02473
1014_3x1104_3,-0.365035,0.95583
1015_3x1104_3,-0.380818,1.03722
1017_3x1104_3,-0.413883,0.852898
1018_3x1104_3,-0.373249,0.972151
1019_3x1104_3,-0.394392,1.02811
1023_3x1104_3,-0.391578,1.01208
1024_3x1104_3,-0.454407,1.09454
1025_3x1104_3,-0.404056,1.07034
1036_3x1104_3,-0.422008,1.13266
1038_3x1104_3,-0.36593,0.98574
1039_3x1104_3,-0.40155,1.0427
1101_3x1104_3,-0.41784,0.893321
1107_3x1104_3,-0.352597,0.891924
1110_3x1104_3,-0.368355,1.01227
1113_3x1104_3,-0.357642,0.950336
1116_3x1104_3,-0.369155,0.991917
1119_3x1104_3,-0.39318,0.949972
1122_3x1104_3,-0.45413,1.04534
1125_3x1104_3,-0.464055,1.00878
1128_3x1104_3,-0.416527,0.85294
1102_3x1104_3,-0.521687,1.06183
1103_3x1104_3,-0.410021,1.10759
1105_3x1104_3,-0.426788,0.972699
1106_3x1104_3,-0.362977,0.939838
1108_3x1104_3,-0.406619,0.961674
1111_3x1104_3,-0.374148,1.0197
1114_3x1104_3,-0.383246,0.926589
1117_3x1104_3,-0.42954,1.00185
1120_3x1104_3,-0.398699,1.07419
1127_3x1104_3,-0.420702,0.934218
1135_1x1104_3,-0.438695,0.797376
1137_1x1104_3,-0.45644,0.801071
1000_3x1107_3,-0.480477,1.04041
1001_3x1107_3,-0.407505,0.864075
1002_3x1107_3,-0.457086,1.04679
1003_3x1107_3,-0.395408,1.0286
1004_3x1107_3,-0.369186,0.925184
1005_3x1107_3,-0.410408,0.936663
1006_3x1107_3,-0.386077,1.03047
1007_3x1107_3,-0.366277,0.986468
1008_3x1107_3,-0.436037,0.985461
1009_3x1107_3,-0.368495,0.913537
1010_3x1107_3,-0.411059,0.791885
1011_3x1107_3,-0.434854,0.914895
1012_3x1107_3,-0.387555,0.86915
1013_3x1107_3,-0.39393,0.897557
1014_3x1107_3,-0.388013,0.988728
1015_3x1107_3,-0.378788,1.01765
1017_3x1107_3,-0.463014,1.00917
1018_3x1107_3,-0.378807,0.956072
1019_3x1107_3,-0.361768,0.965188
1023_3x1107_3,-0.391448,1.01186
1024_3x1107_3,-0.397915,0.863234
1025_3x1107_3,-0.382974,0.987122
1036_3x1107_3,-0.334348,0.93435
1038_3x1107_3,-0.369737,0.969201
1039_3x1107_3,-0.353207,0.954172
1101_3x1107_3,-0.436915,0.948022
1104_3x1107_3,-0.449391,0.885039
1110_3x1107_3,-0.361376,0.999751
1113_3x1107_3,-0.370606,0.994359
1116_3x1107_3,-0.333149,0.892554
1119_3x1107_3,-0.391391,0.977406
1122_3x1107_3,-0.379476,0.836148
1125_3x1107_3,-0.420481,0.799387
1128_3x1107_3,-0.405299,0.906999
1102_3x1107_3,-0.442492,0.935548
1103_3x1107_3,-0.380835,1.0017
1105_3x1107_3,-0.460063,1.04844
1106_3x1107_3,-0.387726,1.00217
1108_3x1107_3,-0.414089,0.991001
1111_3x1107_3,-0.358486,0.964099
1114_3x1107_3,-0.403614,1.00148
1117_3x1107_3,-0.415549,0.954671
1120_3x1107_3,-0.337897,0.887213
1127_3x1107_3,-0.441543,1.0007
1135_1x1107_3,-0.380291,0.62492
1137_1x1107_3,-0.397656,0.640859
1000_3x1110_3,-0.433375,1.01106
1001_3x1110_3,-0.420447,0.960128
1002_3x1110_3,-0.397727,0.983018
1003_3x1110_3,-0.400627,1.06639
1004_3x1110_3,-0.399969,1.02283
1005_3x1110_3,-0.424637,0.974151
1006_3x1110_3,-0.397269,1.05428
1007_3x1110_3,-0.380754,1.03717
1008_3x1110_3,-0.424414,0.999382
1009_3x1110_3,-0.377545,0.984137
1010_3x1110_3,-0.413785,0.894796
1011_3x1110_3,-0.422203,0.968668
1012_3x1110_3,-0.380334,0.957686
1013_3x1110_3,-0.383425,0.977687
1014_3x1110_3,-0.360339,1.00769
1015_3x1110_3,-0.409636,1.08361
1017_3x1110_3,-0.410595,0.917472
1018_3x1110_3,-0.384885,1.00902
1019_3x1110_3,-0.390067,1.05084
1023_3x1110_3,-0.406746,1.06792
1024_3x1110_3,-0.421472,0.989419
1025_3x1110_3,-0.393014,1.02898
1036_3x1110_3,-0.350331,1.00582
1038_3x1110_3,-0.374759,1.02186
1039_3x1110_3,-0.359231,1.01621
1101_3x1110_3,-0.422539,0.996165
1104_3x1110_3,-0.452217,0.952327
1107_3x1110_3,-0.351429,0.972557
1113_3x1110_3,-0.396867,1.04564
1116_3x1110_3,-0.346977,0.959586
1119_3x1110_3,-0.391943,0.983843
1122_3x1110_3,-0.378058,0.91545
1125_3x1110_3,-0.422049,0.90243
1128_3x1110_3,-0.401897,0.947959
1102_3x1110_3,-0.473365,0.986308
1103_3x1110_3,-0.403527,1.06485
1105_3x1110_3,-0.425913,1.02891
1106_3x1110_3,-0.392254,1.03402
1108_3x1110_3,-0.395436,1.01691
1111_3x1110_3,-0.389296,1.055
1114_3x1110_3,-0.396775,0.987389
1117_3x1110_3,-0.398142,0.996262
1120_3x1110_3,-0.371882,0.979558
1127_3x1110_3,-0.387264,0.938584
1135_1x1110_3,-0.405249,0.727826
1137_1x1110_3,-0.439431,0.750248
1000_3x1113_3,-0.427482,1.03037
1001_3x1113_3,-0.407912,0.947012
1002_3x1113_3,-0.388677,0.957219
1003_3x1113_3,-0.400688,1.06709
1004_3x1113_3,-0.403213,1.01338
1005_3x1113_3,-0.429223,0.980524
1006_3x1113_3,-0.423113,1.08418
1007_3x1113_3,-0.380041,1.03325
1008_3x1113_3,-0.430755,1.03189
1009_3x1113_3,-0.369568,0.968222
1010_3x1113_3,-0.41212,0.848658
1011_3x1113_3,-0.403059,0.958007
1012_3x1113_3,-0.350128,0.907681
1013_3x1113_3,-0.376038,0.955637
1014_3x1113_3,-0.356044,1.02067
1015_3x1113_3,-0.397005,1.04238
1017_3x1113_3,-0.419508,0.969185
1018_3x1113_3,-0.397932,1.02192
1019_3x1113_3,-0.369341,1.01685
1023_3x1113_3,-0.412331,1.0791
1024_3x1113_3,-0.418832,0.971362
1025_3x1113_3,-0.403201,1.02492
1036_3x1113_3,-0.328401,0.943357
1038_3x1113_3,-0.390196,1.03774
1039_3x1113_3,-0.342583,0.988252
1101_3x1113_3,-0.43452,1.02323
1104_3x1113_3,-0.418552,0.914586
1107_3x1113_3,-0.346337,0.962199
1110_3x1113_3,-0.379703,1.04259
1116_3x1113_3,-0.353313,0.974374
1119_3x1113_3,-0.403597,1.00884
1122_3x1113_3,-0.351501,0.864162
1125_3x1113_3,-0.417128,0.916264
1128_3x1113_3,-0.375403,0.90093
1102_3x1113_3,-0.43707,0.984716
1103_3x1113_3,-0.402289,1.03704
1105_3x1113_3,-0.418127,1.02148
1106_3x1113_3,-0.392674,0.980239
1108_3x1113_3,-0.38937,1.01129
1111_3x1113_3,-0.37831,1.042
1114_3x1113_3,-0.423472,1.02208
1117_3x1113_3,-0.388017,1.01293
1120_3x1113_3,-0.344452,0.934649
1127_3x1113_3,-0.385686,0.952558
1135_1x1113_3,-0.384358,0.660703
1137_1x1113_3,-0.423543,0.683082
1000_3x1116_3,-0.391868,1.01423
1001_3x1116_3,-0.366885,0.914987
1002_3x1116_3,-0.329788,0.916406
1003_3x1116_3,-0.330302,0.984522
1004_3x1116_3,-0.361572,1.02012
1005_3x1116_3,-0.383981,0.973306
1006_3x1116_3,-0.34676,1.01026
1007_3x1116_3,-0.320627,0.970097
1008_3x1116_3,-0.36213,0.933629
1009_3x1116_3,-0.34624,1.00485
1010_3x1116_3,-0.360918,0.8736
1011_3x1116_3,-0.371448,0.968125
1012_3x1116_3,-0.332903,0.96186
1013_3x1116_3,-0.336224,0.942885
1014_3x1116_3,-0.306369,0.972244
1015_3x1116_3,-0.332323,0.996602
1017_3x1116_3,-0.34924,0.845739
1018_3x1116_3,-0.341335,0.990371
1019_3x1116_3,-0.33716,0.968134
1023_3x1116_3,-0.33032,1.01086
1024_3x1116_3,-0.369561,0.980982
1025_3x1116_3,-0.364479,1.03566
1036_3x1116_3,-0.322039,0.969406
1038_3x1116_3,-0.336027,1.01149
1039_3x1116_3,-0.319535,0.968685
1101_3x1116_3,-0.357108,0.937268
1104_3x1116_3,-0.383745,0.930476
1107_3x1116_3,-0.292934,0.881173
1110_3x1116_3,-0.315549,0.963767
1113_3x1116_3,-0.329567,0.955308
1119_3x1116_3,-0.327565,0.931582
1122_3x1116_3,-0.350051,0.946177
1125_3x1116_3,-0.373107,0.900599
1128_3x1116_3,-0.330632,0.867582
1102_3x1116_3,-0.403844,0.976771
1103_3x1116_3,-0.3542,1.0458
1105_3x1116_3,-0.349999,0.938225
1106_3x1116_3,-0.317651,0.900324
1108_3x1116_3,-0.341003,0.962863
1111_3x1116_3,-0.329618,0.98648
1114_3x1116_3,-0.335596,0.910036
1117_3x1116_3,-0.345154,0.974463
1120_3x1116_3,-0.325832,0.986762
1127_3x1116_3,-0.333567,0.873349
1135_1x1116_3,-0.350416,0.677112
1137_1x1116_3,-0.371992,0.702197
1000_3x1119_3,-0.468681,1.0593
1001_3x1119_3,-0.426969,0.945768
1002_3x1119_3,-0.406111,0.990147
1003_3x1119_3,-0.401273,1.04532
1004_3x1119_3,-0.39708,1.02
1005_3x1119_3,-0.442903,0.991381
1006_3x1119_3,-0.410568,1.05385
1007_3x1119_3,-0.377231,1.01451
1008_3x1119_3,-0.428079,0.989554
1009_3x1119_3,-0.381729,0.98113
1010_3x1119_3,-0.424781,0.871727
1011_3x1119_3,-0.433482,0.969175
1012_3x1119_3,-0.380875,0.937255
1013_3x1119_3,-0.380776,0.938391
1014_3x1119_3,-0.36684,1.0144
1015_3x1119_3,-0.402355,1.03894
1017_3x1119_3,-0.436898,0.973771
1018_3x1119_3,-0.379592,0.996189
1019_3x1119_3,-0.387525,1.01289
1023_3x1119_3,-0.405002,1.04863
1024_3x1119_3,-0.427841,0.984799
1025_3x1119_3,-0.411588,1.03231
1036_3x1119_3,-0.347962,0.965881
1038_3x1119_3,-0.37421,1.01449
1039_3x1119_3,-0.3596,0.998864
1101_3x1119_3,-0.426075,0.970693
1104_3x1119_3,-0.458178,0.93589
1107_3x1119_3,-0.364827,0.968702
1110_3x1119_3,-0.371168,1.01441
1113_3x1119_3,-0.396982,1.03142
1116_3x1119_3,-0.354165,0.975219
1122_3x1119_3,-0.384241,0.906595
1125_3x1119_3,-0.439417,0.90757
1128_3x1119_3,-0.404979,0.919056
1102_3x1119_3,-0.472659,0.999698
1103_3x1119_3,-0.406756,1.05973
1105_3x1119_3,-0.438864,1.03697
1106_3x1119_3,-0.399933,1.01028
1108_3x1119_3,-0.425237,1.02847
1111_3x1119_3,-0.379005,1.02509
1114_3x1119_3,-0.454519,1.04609
1117_3x1119_3,-0.404288,0.992421
1120_3x1119_3,-0.368228,0.959301
1127_3x1119_3,-0.433743,0.987897
1135_1x1119_3,-0.401931,0.702346
1137_1x1119_3,-0.434464,0.707401
1000_3x1122_3,-0.470395,1.02734
1001_3x1122_3,-0.443767,0.998933
1002_3x1122_3,-0.385363,0.93302
1003_3x1122_3,-0.375882,0.967295
1004_3x1122_3,-0.406964,1.06284
1005_3x1122_3,-0.431341,1.00314
1006_3x1122_3,-0.36455,0.956712
1007_3x1122_3,-0.361731,0.93745
1008_3x1122_3,-0.408636,0.911527
1009_3x1122_3,-0.402732,1.03845
1010_3x1122_3,-0.446709,1.0133
1011_3x1122_3,-0.442893,1.00095
1012_3x1122_3,-0.429463,1.0331
1013_3x1122_3,-0.403309,0.989015
1014_3x1122_3,-0.355337,0.934902
1015_3x1122_3,-0.378725,0.996626
1017_3x1122_3,-0.403464,0.820406
1018_3x1122_3,-0.368038,0.944005
1019_3x1122_3,-0.395855,0.995016
1023_3x1122_3,-0.378702,0.967483
1024_3x1122_3,-0.436454,1.06557
1025_3x1122_3,-0.401297,1.02854
1036_3x1122_3,-0.410213,1.07532
1038_3x1122_3,-0.360828,0.965123
1039_3x1122_3,-0.398826,1.01272
1101_3x1122_3,-0.402311,0.862706
1104_3x1122_3,-0.527496,1.05023
1107_3x1122_3,-0.346446,0.839077
1110_3x1122_3,-0.361552,0.954868
1113_3x1122_3,-0.348213,0.895755
1116_3x1122_3,-0.375405,1.00375
1119_3x1122_3,-0.388223,0.913682
1125_3x1122_3,-0.473724,1.02159
1128_3x1122_3,-0.42386,0.857726
1102_3x1122_3,-0.50867,1.0427
1103_3x1122_3,-0.397882,1.0463
1105_3x1122_3,-0.414109,0.942398
1106_3x1122_3,-0.354382,0.873717
1108_3x1122_3,-0.39801,0.91753
1111_3x1122_3,-0.367212,0.973394
1114_3x1122_3,-0.375882,0.87052
1117_3x1122_3,-0.425623,0.975874
1120_3x1122_3,-0.407745,1.04712
1127_3x1122_3,-0.418867,0.914103
1135_1x1122_3,-0.42415,0.733013
1137_1x1122_3,-0.444551,0.720834
1000_3x1125_3,-0.458863,0.976491
1001_3x1125_3,-0.461016,0.9865
1002_3x1125_3,-0.40384,0.922272
1003_3x1125_3,-0.385777,0.955449
1004_3x1125_3,-0.422388,1.04174
1005_3x1125_3,-0.45404,0.97693
1006_3x1125_3,-0.391027,0.957599
1007_3x1125_3,-0.373209,0.95774
1008_3x1125_3,-0.424886,0.90544
1009_3x1125_3,-0.405165,1.01463
1010_3x1125_3,-0.477114,1.01693
1011_3x1125_3,-0.445893,0.979012
1012_3x1125_3,-0.3867,0.982526
1013_3x1125_3,-0.40381,0.960354
1014_3x1125_3,-0.343296,0.895312
1015_3x1125_3,-0.391178,0.994439
1017_3x1125_3,-0.431792,0.833297
1018_3x1125_3,-0.373614,0.943129
1019_3x1125_3,-0.366372,0.95136
1023_3x1125_3,-0.399211,0.979218
1024_3x1125_3,-0.456443,1.04475
1025_3x1125_3,-0.416978,1.0006
1036_3x1125_3,-0.366403,0.997264
1038_3x1125_3,-0.364993,0.960754
1039_3x1125_3,-0.349113,0.950395
1101_3x1125_3,-0.424082,0.889139
1104_3x1125_3,-0.472919,0.985174
1107_3x1125_3,-0.339721,0.812498
1110_3x1125_3,-0.355233,0.927513
1113_3x1125_3,-0.365933,0.91994
1116_3x1125_3,-0.3566,0.956562
1119_3x1125_3,-0.388269,0.893172
1122_3x1125_3,-0.414077,0.990485
1128_3x1125_3,-0.384592,0.840263
1102_3x1125_3,-0.477142,0.985847
1103_3x1125_3,-0.400358,1.01285
1105_3x1125_3,-0.437975,0.936319
1106_3x1125_3,-0.369267,0.846136
1108_3x1125_3,-0.395587,0.905348
1111_3x1125_3,-0.370645,0.975619
1114_3x1125_3,-0.402379,0.894323
1117_3x1125_3,-0.411768,0.952207
1120_3x1125_3,-0.385184,1.01502
1127_3x1125_3,-0.42961,0.89287
1135_1x1125_3,-0.423605,0.69336
1137_1x1125_3,-0.438619,0.666778
1000_3x1128_3,-0.493828,1.01711
1001_3x1128_3,-0.423789,0.880732
1002_3x1128_3,-0.43654,0.960497
1003_3x1128_3,-0.399011,0.974646
1004_3x1128_3,-0.396112,0.967915
1005_3x1128_3,-0.435725,0.900936
1006_3x1128_3,-0.38283,0.964095
1007_3x1128_3,-0.388578,0.994791
1008_3x1128_3,-0.439463,0.982527
1009_3x1128_3,-0.377229,0.905594
1010_3x1128_3,-0.417842,0.816481
1011_3x1128_3,-0.443534,0.919572
1012_3x1128_3,-0.416502,0.886441
1013_3x1128_3,-0.403474,0.920213
1014_3x1128_3,-0.386027,0.982767
1015_3x1128_3,-0.4134,1.01963
1017_3x1128_3,-0.428004,0.919084
1018_3x1128_3,-0.394719,0.961771
1019_3x1128_3,-0.407384,0.986237
1023_3x1128_3,-0.407078,1.00621
1024_3x1128_3,-0.421515,0.93751
1025_3x1128_3,-0.405507,0.946325
1036_3x1128_3,-0.37255,0.888602
1038_3x1128_3,-0.385543,0.97777
1039_3x1128_3,-0.40118,0.97089
1101_3x1128_3,-0.442095,0.96258
1104_3x1128_3,-0.492406,0.865132
1107_3x1128_3,-0.375907,0.920385
1110_3x1128_3,-0.38688,0.996464
1113_3x1128_3,-0.381289,0.942495
1116_3x1128_3,-0.361611,0.934991
1119_3x1128_3,-0.411821,0.936692
1122_3x1128_3,-0.42997,0.867955
1125_3x1128_3,-0.450919,0.878125
1102_3x1128_3,-0.498543,0.939664
1103_3x1128_3,-0.407673,0.974031
1105_3x1128_3,-0.467294,1.02646
1106_3x1128_3,-0.390096,0.93237
1108_3x1128_3,-0.434996,1.01756
1111_3x1128_3,-0.379811,0.959303
1114_3x1128_3,-0.404537,0.942564
1117_3x1128_3,-0.43689,0.974509
1120_3x1128_3,-0.385802,0.892013
1127_3x1128_3,-0.456584,0.969462
1135_1x1128_3,-0.374171,0.584937
1137_1x1128_3,-0.397694,0.586779
