RegistrationPair,CC
1001_3x1000_3,0.987079
1002_3x1000_3,1.02439
1003_3x1000_3,1.06718
1004_3x1000_3,1.0737
1005_3x1000_3,1.03521
1006_3x1000_3,1.06158
1007_3x1000_3,1.05601
1008_3x1000_3,1.03896
1009_3x1000_3,1.03334
1010_3x1000_3,0.933914
1011_3x1000_3,1.02768
1012_3x1000_3,0.999238
1013_3x1000_3,1.01032
1014_3x1000_3,1.04809
1015_3x1000_3,1.06125
1017_3x1000_3,0.970552
1018_3x1000_3,1.02828
1019_3x1000_3,1.04677
1023_3x1000_3,1.07368
1024_3x1000_3,1.04134
1025_3x1000_3,1.07146
1036_3x1000_3,1.03507
1038_3x1000_3,1.04504
1039_3x1000_3,1.04272
1101_3x1000_3,0.984011
1104_3x1000_3,0.999889
1107_3x1000_3,0.995762
1110_3x1000_3,1.01869
1113_3x1000_3,1.00876
1116_3x1000_3,1.02023
1119_3x1000_3,1.00696
1122_3x1000_3,0.972268
1125_3x1000_3,0.939964
1128_3x1000_3,0.946241
1102_3x1000_3,1.06203
1103_3x1000_3,1.10628
1105_3x1000_3,1.06851
1106_3x1000_3,0.984076
1108_3x1000_3,1.05502
1111_3x1000_3,1.03923
1114_3x1000_3,0.999805
1117_3x1000_3,1.05768
1120_3x1000_3,0.988577
1127_3x1000_3,1.03313
1135_1x1000_3,0.732556
1137_1x1000_3,0.759565
1000_3x1001_3,1.03524
1002_3x1001_3,0.953697
1003_3x1001_3,1.02665
1004_3x1001_3,1.09178
1005_3x1001_3,1.0499
1006_3x1001_3,1.03733
1007_3x1001_3,1.02211
1008_3x1001_3,0.997453
1009_3x1001_3,1.04686
1010_3x1001_3,1.00379
1011_3x1001_3,1.06097
1012_3x1001_3,1.00686
1013_3x1001_3,1.06438
1014_3x1001_3,0.974307
1015_3x1001_3,1.05052
1017_3x1001_3,0.880644
1018_3x1001_3,1.00211
1019_3x1001_3,1.01579
1023_3x1001_3,1.02478
1024_3x1001_3,1.07501
1025_3x1001_3,1.09361
1036_3x1001_3,1.05304
1038_3x1001_3,1.01501
1039_3x1001_3,1.01252
1101_3x1001_3,0.938698
1104_3x1001_3,1.02228
1107_3x1001_3,0.884043
1110_3x1001_3,0.999299
1113_3x1001_3,0.967173
1116_3x1001_3,0.983606
1119_3x1001_3,0.964145
1122_3x1001_3,0.995288
1125_3x1001_3,0.992901
1128_3x1001_3,0.866007
1102_3x1001_3,1.03035
1103_3x1001_3,1.08389
1105_3x1001_3,0.968754
1106_3x1001_3,0.9289
1108_3x1001_3,0.954414
1111_3x1001_3,1.02678
1114_3x1001_3,0.945479
1117_3x1001_3,1.01743
1120_3x1001_3,1.02469
1127_3x1001_3,0.938596
1135_1x1001_3,0.746337
1137_1x1001_3,0.746255
1000_3x1002_3,1.05276
1001_3x1002_3,0.904624
1003_3x1002_3,1.00727
1004_3x1002_3,1.00021
1005_3x1002_3,0.985633
1006_3x1002_3,1.01565
1007_3x1002_3,1.00345
1008_3x1002_3,0.961633
1009_3x1002_3,0.966893
1010_3x1002_3,0.907467
1011_3x1002_3,0.940278
1012_3x1002_3,0.927434
1013_3x1002_3,0.920617
1014_3x1002_3,0.96523
1015_3x1002_3,1.04081
1017_3x1002_3,0.957715
1018_3x1002_3,0.968699
1019_3x1002_3,0.980662
1023_3x1002_3,1.00144
1024_3x1002_3,0.967913
1025_3x1002_3,1.02921
1036_3x1002_3,0.997125
1038_3x1002_3,0.983026
1039_3x1002_3,0.965408
1101_3x1002_3,0.938258
1104_3x1002_3,0.936219
1107_3x1002_3,1.01165
1110_3x1002_3,1.00788
1113_3x1002_3,0.966068
1116_3x1002_3,0.919629
1119_3x1002_3,0.971031
1122_3x1002_3,0.910348
1125_3x1002_3,0.8973
1128_3x1002_3,0.921738
1102_3x1002_3,0.97388
1103_3x1002_3,1.05577
1105_3x1002_3,1.07463
1106_3x1002_3,1.0301
1108_3x1002_3,0.996852
1111_3x1002_3,0.986008
1114_3x1002_3,1.01332
1117_3x1002_3,0.946527
1120_3x1002_3,0.962807
1127_3x1002_3,0.991391
1135_1x1002_3,0.662256
1137_1x1002_3,0.672504
1000_3x1003_3,1.08828
1001_3x1003_3,1.00047
1002_3x1003_3,0.987899
1004_3x1003_3,1.06347
1005_3x1003_3,1.01929
1006_3x1003_3,1.09111
1007_3x1003_3,1.06053
1008_3x1003_3,1.03816
1009_3x1003_3,1.01859
1010_3x1003_3,0.91239
1011_3x1003_3,1.00761
1012_3x1003_3,0.978556
1013_3x1003_3,1.00179
1014_3x1003_3,1.04894
1015_3x1003_3,1.09229
1017_3x1003_3,0.980993
1018_3x1003_3,1.03015
1019_3x1003_3,1.04875
1023_3x1003_3,1.16959
1024_3x1003_3,1.02532
1025_3x1003_3,1.05832
1036_3x1003_3,1.00676
1038_3x1003_3,1.04677
1039_3x1003_3,1.03343
1101_3x1003_3,1.0025
1104_3x1003_3,0.975843
1107_3x1003_3,0.995488
1110_3x1003_3,1.0623
1113_3x1003_3,1.06342
1116_3x1003_3,1.00235
1119_3x1003_3,1.0178
1122_3x1003_3,0.928755
1125_3x1003_3,0.949246
1128_3x1003_3,0.927383
1102_3x1003_3,1.04014
1103_3x1003_3,1.07337
1105_3x1003_3,1.0527
1106_3x1003_3,1.00031
1108_3x1003_3,1.02035
1111_3x1003_3,1.05977
1114_3x1003_3,1.0108
1117_3x1003_3,1.04305
1120_3x1003_3,0.98444
1127_3x1003_3,0.99852
1135_1x1003_3,0.724537
1137_1x1003_3,0.726864
1000_3x1004_3,1.03228
1001_3x1004_3,1.02285
1002_3x1004_3,0.947907
1003_3x1004_3,1.02181
1005_3x1004_3,1.05147
1006_3x1004_3,1.05064
1007_3x1004_3,1.01722
1008_3x1004_3,0.978097
1009_3x1004_3,1.06051
1010_3x1004_3,0.99873
1011_3x1004_3,1.03306
1012_3x1004_3,0.992491
1013_3x1004_3,1.03238
1014_3x1004_3,0.953527
1015_3x1004_3,1.05102
1017_3x1004_3,0.880306
1018_3x1004_3,1.01121
1019_3x1004_3,1.00514
1023_3x1004_3,1.04893
1024_3x1004_3,1.19222
1025_3x1004_3,1.08572
1036_3x1004_3,1.03767
1038_3x1004_3,1.02057
1039_3x1004_3,0.994369
1101_3x1004_3,0.947362
1104_3x1004_3,1.01557
1107_3x1004_3,0.854791
1110_3x1004_3,0.992479
1113_3x1004_3,0.968102
1116_3x1004_3,1.00744
1119_3x1004_3,0.959771
1122_3x1004_3,0.985922
1125_3x1004_3,0.99504
1128_3x1004_3,0.885742
1102_3x1004_3,1.03663
1103_3x1004_3,1.09346
1105_3x1004_3,0.95553
1106_3x1004_3,0.923925
1108_3x1004_3,0.953757
1111_3x1004_3,1.0123
1114_3x1004_3,0.948825
1117_3x1004_3,0.99769
1120_3x1004_3,1.02114
1127_3x1004_3,0.922697
1135_1x1004_3,0.745096
1137_1x1004_3,0.738694
1000_3x1005_3,1.04595
1001_3x1005_3,1.03054
1002_3x1005_3,0.987317
1003_3x1005_3,1.02617
1004_3x1005_3,1.10519
1006_3x1005_3,1.07111
1007_3x1005_3,1.01351
1008_3x1005_3,0.995699
1009_3x1005_3,1.05072
1010_3x1005_3,0.988903
1011_3x1005_3,1.04186
1012_3x1005_3,1.00303
1013_3x1005_3,1.02079
1014_3x1005_3,0.957296
1015_3x1005_3,1.06735
1017_3x1005_3,0.888252
1018_3x1005_3,1.00543
1019_3x1005_3,1.00696
1023_3x1005_3,1.0264
1024_3x1005_3,1.08624
1025_3x1005_3,1.20239
1036_3x1005_3,1.05176
1038_3x1005_3,1.01643
1039_3x1005_3,1.00116
1101_3x1005_3,0.949638
1104_3x1005_3,1.00398
1107_3x1005_3,0.911208
1110_3x1005_3,0.999009
1113_3x1005_3,0.981479
1116_3x1005_3,1.01765
1119_3x1005_3,0.980008
1122_3x1005_3,0.979915
1125_3x1005_3,0.970663
1128_3x1005_3,0.865704
1102_3x1005_3,1.03988
1103_3x1005_3,1.10937
1105_3x1005_3,0.994331
1106_3x1005_3,0.960361
1108_3x1005_3,0.974433
1111_3x1005_3,1.01981
1114_3x1005_3,0.974197
1117_3x1005_3,0.999129
1120_3x1005_3,1.03763
1127_3x1005_3,0.95647
1135_1x1005_3,0.754511
1137_1x1005_3,0.767264
1000_3x1006_3,1.06383
1001_3x1006_3,0.991068
1002_3x1006_3,0.998462
1003_3x1006_3,1.08077
1004_3x1006_3,1.07323
1005_3x1006_3,1.04159
1007_3x1006_3,1.06784
1008_3x1006_3,1.05166
1009_3x1006_3,1.01625
1010_3x1006_3,0.913124
1011_3x1006_3,1.00152
1012_3x1006_3,0.957439
1013_3x1006_3,0.988159
1014_3x1006_3,1.02423
1015_3x1006_3,1.07062
1017_3x1006_3,0.999842
1018_3x1006_3,1.06513
1019_3x1006_3,1.02974
1023_3x1006_3,1.09123
1024_3x1006_3,1.04102
1025_3x1006_3,1.08203
1036_3x1006_3,0.988653
1038_3x1006_3,1.07338
1039_3x1006_3,1.00588
1101_3x1006_3,1.01977
1104_3x1006_3,0.953367
1107_3x1006_3,0.985295
1110_3x1006_3,1.0492
1113_3x1006_3,1.07197
1116_3x1006_3,1.01163
1119_3x1006_3,1.01553
1122_3x1006_3,0.912347
1125_3x1006_3,0.937692
1128_3x1006_3,0.906263
1102_3x1006_3,1.01787
1103_3x1006_3,1.09769
1105_3x1006_3,1.03808
1106_3x1006_3,1.00721
1108_3x1006_3,1.01437
1111_3x1006_3,1.05359
1114_3x1006_3,1.0372
1117_3x1006_3,1.02248
1120_3x1006_3,0.98132
1127_3x1006_3,0.973024
1135_1x1006_3,0.734274
1137_1x1006_3,0.75401
1000_3x1007_3,1.07141
1001_3x1007_3,0.991373
1002_3x1007_3,0.980647
1003_3x1007_3,1.0575
1004_3x1007_3,1.06099
1005_3x1007_3,1.00898
1006_3x1007_3,1.07178
1008_3x1007_3,1.06307
1009_3x1007_3,0.99004
1010_3x1007_3,0.906656
1011_3x1007_3,1.01767
1012_3x1007_3,0.950175
1013_3x1007_3,1.00116
1014_3x1007_3,1.0388
1015_3x1007_3,1.08477
1017_3x1007_3,0.96906
1018_3x1007_3,1.03834
1019_3x1007_3,1.04094
1023_3x1007_3,1.07257
1024_3x1007_3,1.02258
1025_3x1007_3,1.04979
1036_3x1007_3,0.974653
1038_3x1007_3,1.0543
1039_3x1007_3,1.01995
1101_3x1007_3,1.01895
1104_3x1007_3,0.939747
1107_3x1007_3,0.960593
1110_3x1007_3,1.03745
1113_3x1007_3,1.03415
1116_3x1007_3,0.973504
1119_3x1007_3,0.980303
1122_3x1007_3,0.901542
1125_3x1007_3,0.93859
1128_3x1007_3,0.94984
1102_3x1007_3,1.01615
1103_3x1007_3,1.0743
1105_3x1007_3,1.04824
1106_3x1007_3,0.964979
1108_3x1007_3,1.03038
1111_3x1007_3,1.05156
1114_3x1007_3,1.01465
1117_3x1007_3,1.04307
1120_3x1007_3,0.962418
1127_3x1007_3,0.993379
1135_1x1007_3,0.731692
1137_1x1007_3,0.727207
1000_3x1008_3,1.06848
1001_3x1008_3,0.986971
1002_3x1008_3,0.975885
1003_3x1008_3,1.06367
1004_3x1008_3,1.03429
1005_3x1008_3,1.0021
1006_3x1008_3,1.0799
1007_3x1008_3,1.0881
1009_3x1008_3,1.00454
1010_3x1008_3,0.869679
1011_3x1008_3,1.00109
1012_3x1008_3,0.952293
1013_3x1008_3,1.00844
1014_3x1008_3,1.05756
1015_3x1008_3,1.0658
1017_3x1008_3,0.978181
1018_3x1008_3,1.06375
1019_3x1008_3,1.02365
1023_3x1008_3,1.0829
1024_3x1008_3,0.994947
1025_3x1008_3,1.0527
1036_3x1008_3,0.953297
1038_3x1008_3,1.07413
1039_3x1008_3,1.00258
1101_3x1008_3,1.03794
1104_3x1008_3,0.916097
1107_3x1008_3,0.973042
1110_3x1008_3,1.03148
1113_3x1008_3,1.04784
1116_3x1008_3,0.984746
1119_3x1008_3,0.982883
1122_3x1008_3,0.897609
1125_3x1008_3,0.910613
1128_3x1008_3,0.951393
1102_3x1008_3,0.992108
1103_3x1008_3,1.07241
1105_3x1008_3,1.02311
1106_3x1008_3,0.961659
1108_3x1008_3,1.03557
1111_3x1008_3,1.04837
1114_3x1008_3,0.995217
1117_3x1008_3,1.04901
1120_3x1008_3,0.950948
1127_3x1008_3,0.98931
1135_1x1008_3,0.695702
1137_1x1008_3,0.714713
1000_3x1009_3,1.06463
1001_3x1009_3,1.03089
1002_3x1009_3,0.966088
1003_3x1009_3,1.03622
1004_3x1009_3,1.10674
1005_3x1009_3,1.0514
1006_3x1009_3,1.03957
1007_3x1009_3,1.00979
1008_3x1009_3,0.99388
1010_3x1009_3,1.01991
1011_3x1009_3,1.02975
1012_3x1009_3,1.03778
1013_3x1009_3,1.02131
1014_3x1009_3,0.986931
1015_3x1009_3,1.03576
1017_3x1009_3,0.884355
1018_3x1009_3,1.02346
1019_3x1009_3,1.00341
1023_3x1009_3,1.04326
1024_3x1009_3,1.09785
1025_3x1009_3,1.07617
1036_3x1009_3,1.04069
1038_3x1009_3,1.03989
1039_3x1009_3,1.00047
1101_3x1009_3,0.955235
1104_3x1009_3,1.03592
1107_3x1009_3,0.897143
1110_3x1009_3,0.999391
1113_3x1009_3,0.984048
1116_3x1009_3,1.03243
1119_3x1009_3,0.966174
1122_3x1009_3,1.01982
1125_3x1009_3,1.02288
1128_3x1009_3,0.874895
1102_3x1009_3,1.06358
1103_3x1009_3,1.0961
1105_3x1009_3,0.990411
1106_3x1009_3,0.937196
1108_3x1009_3,0.975052
1111_3x1009_3,1.02947
1114_3x1009_3,0.939699
1117_3x1009_3,1.00832
1120_3x1009_3,1.04875
1127_3x1009_3,0.934525
1135_1x1009_3,0.770873
1137_1x1009_3,0.764591
1000_3x1010_3,0.96431
1001_3x1010_3,0.988262
1002_3x1010_3,0.939854
1003_3x1010_3,0.935412
1004_3x1010_3,1.04396
1005_3x1010_3,0.991035
1006_3x1010_3,0.940257
1007_3x1010_3,0.929596
1008_3x1010_3,0.874307
1009_3x1010_3,1.02139
1011_3x1010_3,0.956472
1012_3x1010_3,0.98854
1013_3x1010_3,0.957358
1014_3x1010_3,0.864832
1015_3x1010_3,0.976561
1017_3x1010_3,0.786814
1018_3x1010_3,0.911416
1019_3x1010_3,0.943272
1023_3x1010_3,0.936807
1024_3x1010_3,1.07253
1025_3x1010_3,1.01735
1036_3x1010_3,1.05143
1038_3x1010_3,0.925079
1039_3x1010_3,0.943597
1101_3x1010_3,0.834949
1104_3x1010_3,1.03209
1107_3x1010_3,0.812115
1110_3x1010_3,0.925232
1113_3x1010_3,0.865141
1116_3x1010_3,0.929201
1119_3x1010_3,0.868289
1122_3x1010_3,0.984984
1125_3x1010_3,1.00678
1128_3x1010_3,0.792024
1102_3x1010_3,0.982538
1103_3x1010_3,1.04798
1105_3x1010_3,0.918674
1106_3x1010_3,0.876828
1108_3x1010_3,0.889354
1111_3x1010_3,0.935813
1114_3x1010_3,0.867499
1117_3x1010_3,0.914586
1120_3x1010_3,1.01094
1127_3x1010_3,0.880398
1135_1x1010_3,0.777994
1137_1x1010_3,0.773277
1000_3x1011_3,1.0622
1001_3x1011_3,1.04939
1002_3x1011_3,0.958742
1003_3x1011_3,1.04185
1004_3x1011_3,1.09252
1005_3x1011_3,1.04565
1006_3x1011_3,1.03847
1007_3x1011_3,1.04795
1008_3x1011_3,1.00774
1009_3x1011_3,1.04866
1010_3x1011_3,0.956649
1012_3x1011_3,1.01453
1013_3x1011_3,1.04737
1014_3x1011_3,0.993646
1015_3x1011_3,1.05575
1017_3x1011_3,0.900927
1018_3x1011_3,1.01599
1019_3x1011_3,1.02723
1023_3x1011_3,1.04909
1024_3x1011_3,1.07188
1025_3x1011_3,1.08039
1036_3x1011_3,1.03892
1038_3x1011_3,1.02606
1039_3x1011_3,1.02205
1101_3x1011_3,0.967273
1104_3x1011_3,1.0071
1107_3x1011_3,0.905874
1110_3x1011_3,1.00489
1113_3x1011_3,0.982412
1116_3x1011_3,1.00371
1119_3x1011_3,0.972619
1122_3x1011_3,0.990666
1125_3x1011_3,0.996498
1128_3x1011_3,0.897973
1102_3x1011_3,1.03795
1103_3x1011_3,1.08892
1105_3x1011_3,0.979528
1106_3x1011_3,0.9393
1108_3x1011_3,0.997928
1111_3x1011_3,1.0397
1114_3x1011_3,0.949824
1117_3x1011_3,1.03624
1120_3x1011_3,1.02463
1127_3x1011_3,0.954152
1135_1x1011_3,0.732522
1137_1x1011_3,0.741962
1000_3x1012_3,1.04477
1001_3x1012_3,1.01201
1002_3x1012_3,0.93145
1003_3x1012_3,1.00368
1004_3x1012_3,1.06465
1005_3x1012_3,1.02994
1006_3x1012_3,0.98956
1007_3x1012_3,0.976697
1008_3x1012_3,0.951308
1009_3x1012_3,1.04701
1010_3x1012_3,1.00207
1011_3x1012_3,1.01462
1013_3x1012_3,0.999971
1014_3x1012_3,0.969275
1015_3x1012_3,1.02237
1017_3x1012_3,0.849097
1018_3x1012_3,0.974196
1019_3x1012_3,1.01946
1023_3x1012_3,0.998087
1024_3x1012_3,1.05919
1025_3x1012_3,1.05325
1036_3x1012_3,1.06789
1038_3x1012_3,0.993624
1039_3x1012_3,1.03189
1101_3x1012_3,0.908103
1104_3x1012_3,1.0436
1107_3x1012_3,0.875125
1110_3x1012_3,0.984683
1113_3x1012_3,0.932306
1116_3x1012_3,1.00768
1119_3x1012_3,0.932579
1122_3x1012_3,1.02957
1125_3x1012_3,1.00198
1128_3x1012_3,0.866262
1102_3x1012_3,1.05552
1103_3x1012_3,1.07424
1105_3x1012_3,0.964442
1106_3x1012_3,0.902354
1108_3x1012_3,0.958007
1111_3x1012_3,1.0083
1114_3x1012_3,0.892694
1117_3x1012_3,1.00419
1120_3x1012_3,1.06208
1127_3x1012_3,0.932342
1135_1x1012_3,0.765961
1137_1x1012_3,0.754303
1000_3x1013_3,1.03451
1001_3x1013_3,1.04251
1002_3x1013_3,0.921395
1003_3x1013_3,1.01826
1004_3x1013_3,1.06993
1005_3x1013_3,1.01165
1006_3x1013_3,1.00657
1007_3x1013_3,1.02008
1008_3x1013_3,0.998032
1009_3x1013_3,1.02295
1010_3x1013_3,0.955611
1011_3x1013_3,1.02947
1012_3x1013_3,0.992935
1014_3x1013_3,0.989613
1015_3x1013_3,1.01382
1017_3x1013_3,0.874208
1018_3x1013_3,1.00375
1019_3x1013_3,1.00576
1023_3x1013_3,1.02794
1024_3x1013_3,1.06357
1025_3x1013_3,1.04309
1036_3x1013_3,1.00412
1038_3x1013_3,1.01865
1039_3x1013_3,1.00339
1101_3x1013_3,0.944895
1104_3x1013_3,0.986997
1107_3x1013_3,0.882729
1110_3x1013_3,0.993157
1113_3x1013_3,0.972763
1116_3x1013_3,0.973161
1119_3x1013_3,0.926379
1122_3x1013_3,0.972139
1125_3x1013_3,0.969313
1128_3x1013_3,0.891672
1102_3x1013_3,1.00315
1103_3x1013_3,1.04747
1105_3x1013_3,0.961876
1106_3x1013_3,0.908911
1108_3x1013_3,0.95727
1111_3x1013_3,1.0128
1114_3x1013_3,0.907966
1117_3x1013_3,1.02701
1120_3x1013_3,0.973211
1127_3x1013_3,0.937614
1135_1x1013_3,0.729056
1137_1x1013_3,0.712665
1000_3x1014_3,1.08707
1001_3x1014_3,0.958281
1002_3x1014_3,0.975871
1003_3x1014_3,1.07225
1004_3x1014_3,1.01567
1005_3x1014_3,0.967084
1006_3x1014_3,1.05523
1007_3x1014_3,1.0638
1008_3x1014_3,1.06009
1009_3x1014_3,0.993929
1010_3x1014_3,0.849488
1011_3x1014_3,0.987584
1012_3x1014_3,0.965116
1013_3x1014_3,0.996858
1015_3x1014_3,1.04338
1017_3x1014_3,0.962438
1018_3x1014_3,1.04996
1019_3x1014_3,1.02931
1023_3x1014_3,1.08023
1024_3x1014_3,0.971339
1025_3x1014_3,1.01678
1036_3x1014_3,0.959399
1038_3x1014_3,1.06316
1039_3x1014_3,1.01573
1101_3x1014_3,1.02683
1104_3x1014_3,0.927993
1107_3x1014_3,0.994767
1110_3x1014_3,1.03865
1113_3x1014_3,1.04362
1116_3x1014_3,0.99029
1119_3x1014_3,1.00265
1122_3x1014_3,0.918565
1125_3x1014_3,0.884743
1128_3x1014_3,0.95581
1102_3x1014_3,1.00195
1103_3x1014_3,1.05038
1105_3x1014_3,1.01581
1106_3x1014_3,0.976257
1108_3x1014_3,1.04561
1111_3x1014_3,1.04628
1114_3x1014_3,0.985277
1117_3x1014_3,1.05827
1120_3x1014_3,0.945934
1127_3x1014_3,0.974317
1135_1x1014_3,0.673563
1137_1x1014_3,0.699521
1000_3x1015_3,1.04302
1001_3x1015_3,0.989186
1002_3x1015_3,1.0032
1003_3x1015_3,1.07692
1004_3x1015_3,1.06096
1005_3x1015_3,1.02544
1006_3x1015_3,1.05933
1007_3x1015_3,1.06881
1008_3x1015_3,1.01887
1009_3x1015_3,1.00894
1010_3x1015_3,0.929918
1011_3x1015_3,1.00141
1012_3x1015_3,0.97861
1013_3x1015_3,0.987195
1014_3x1015_3,0.999349
1017_3x1015_3,0.93728
1018_3x1015_3,1.02737
1019_3x1015_3,1.0565
1023_3x1015_3,1.08036
1024_3x1015_3,1.02265
1025_3x1015_3,1.0822
1036_3x1015_3,1.03405
1038_3x1015_3,1.0396
1039_3x1015_3,1.03062
1101_3x1015_3,0.980245
1104_3x1015_3,0.957042
1107_3x1015_3,0.967232
1110_3x1015_3,1.06273
1113_3x1015_3,1.02623
1116_3x1015_3,0.978773
1119_3x1015_3,0.996289
1122_3x1015_3,0.940513
1125_3x1015_3,0.959062
1128_3x1015_3,0.951869
1102_3x1015_3,1.02295
1103_3x1015_3,1.09397
1105_3x1015_3,1.03392
1106_3x1015_3,0.990832
1108_3x1015_3,1.02258
1111_3x1015_3,1.04665
1114_3x1015_3,1.00511
1117_3x1015_3,1.01938
1120_3x1015_3,1.01313
1127_3x1015_3,0.991307
1135_1x1015_3,0.723358
1137_1x1015_3,0.746414
1000_3x1017_3,1.01594
1001_3x1017_3,0.890396
1002_3x1017_3,1.01644
1003_3x1017_3,1.01642
1004_3x1017_3,0.96253
1005_3x1017_3,0.91587
1006_3x1017_3,1.05739
1007_3x1017_3,1.00604
1008_3x1017_3,1.00051
1009_3x1017_3,0.92092
1010_3x1017_3,0.80331
1011_3x1017_3,0.920499
1012_3x1017_3,0.864589
1013_3x1017_3,0.912946
1014_3x1017_3,0.979789
1015_3x1017_3,1.00903
1018_3x1017_3,0.9831
1019_3x1017_3,0.959544
1023_3x1017_3,1.03235
1024_3x1017_3,0.911029
1025_3x1017_3,0.982335
1036_3x1017_3,0.898528
1038_3x1017_3,0.989536
1039_3x1017_3,0.931649
1101_3x1017_3,0.9634
1104_3x1017_3,0.853025
1107_3x1017_3,0.999057
1110_3x1017_3,0.970115
1113_3x1017_3,0.992564
1116_3x1017_3,0.912918
1119_3x1017_3,0.989922
1122_3x1017_3,0.827809
1125_3x1017_3,0.853822
1128_3x1017_3,0.90948
1102_3x1017_3,0.91782
1103_3x1017_3,1.00062
1105_3x1017_3,1.00987
1106_3x1017_3,0.976176
1108_3x1017_3,0.975998
1111_3x1017_3,0.972456
1114_3x1017_3,1.0188
1117_3x1017_3,0.954515
1120_3x1017_3,0.881838
1127_3x1017_3,0.979199
1135_1x1017_3,0.58863
1137_1x1017_3,0.58999
1000_3x1018_3,1.08184
1001_3x1018_3,1.00428
1002_3x1018_3,0.985132
1003_3x1018_3,1.06115
1004_3x1018_3,1.08609
1005_3x1018_3,1.03433
1006_3x1018_3,1.10277
1007_3x1018_3,1.07173
1008_3x1018_3,1.07155
1009_3x1018_3,1.03933
1010_3x1018_3,0.917019
1011_3x1018_3,1.01576
1012_3x1018_3,0.97927
1013_3x1018_3,1.015
1014_3x1018_3,1.05644
1015_3x1018_3,1.07278
1017_3x1018_3,0.979112
1019_3x1018_3,1.02299
1023_3x1018_3,1.09337
1024_3x1018_3,1.05029
1025_3x1018_3,1.07065
1036_3x1018_3,0.963158
1038_3x1018_3,1.16126
1039_3x1018_3,1.00949
1101_3x1018_3,1.0362
1104_3x1018_3,0.958215
1107_3x1018_3,0.962949
1110_3x1018_3,1.0373
1113_3x1018_3,1.05399
1116_3x1018_3,1.04231
1119_3x1018_3,1.00086
1122_3x1018_3,0.946238
1125_3x1018_3,0.961169
1128_3x1018_3,0.953177
1102_3x1018_3,1.02828
1103_3x1018_3,1.0903
1105_3x1018_3,1.03175
1106_3x1018_3,0.976139
1108_3x1018_3,1.03006
1111_3x1018_3,1.05281
1114_3x1018_3,1.00243
1117_3x1018_3,1.04295
1120_3x1018_3,0.987411
1127_3x1018_3,0.967337
1135_1x1018_3,0.705218
1137_1x1018_3,0.708872
1000_3x1019_3,1.0291
1001_3x1019_3,0.969364
1002_3x1019_3,0.949577
1003_3x1019_3,1.05486
1004_3x1019_3,1.03764
1005_3x1019_3,0.977865
1006_3x1019_3,1.03951
1007_3x1019_3,1.04275
1008_3x1019_3,0.989754
1009_3x1019_3,0.995821
1010_3x1019_3,0.906789
1011_3x1019_3,0.990218
1012_3x1019_3,0.983453
1013_3x1019_3,0.985683
1014_3x1019_3,0.995375
1015_3x1019_3,1.07804
1017_3x1019_3,0.902795
1018_3x1019_3,0.993957
1023_3x1019_3,1.05079
1024_3x1019_3,1.00422
1025_3x1019_3,1.03975
1036_3x1019_3,1.03675
1038_3x1019_3,1.00497
1039_3x1019_3,1.14697
1101_3x1019_3,0.962148
1104_3x1019_3,0.960385
1107_3x1019_3,0.932611
1110_3x1019_3,1.04966
1113_3x1019_3,1.02039
1116_3x1019_3,0.956443
1119_3x1019_3,0.993395
1122_3x1019_3,0.944547
1125_3x1019_3,0.928071
1128_3x1019_3,0.941191
1102_3x1019_3,1.00822
1103_3x1019_3,1.05911
1105_3x1019_3,1.01327
1106_3x1019_3,0.961216
1108_3x1019_3,1.02521
1111_3x1019_3,1.05039
1114_3x1019_3,0.984674
1117_3x1019_3,1.03289
1120_3x1019_3,1.00481
1127_3x1019_3,0.96426
1135_1x1019_3,0.735716
1137_1x1019_3,0.765173
1000_3x1023_3,1.0686
1001_3x1023_3,0.975477
1002_3x1023_3,0.966081
1003_3x1023_3,1.14547
1004_3x1023_3,1.06916
1005_3x1023_3,0.997399
1006_3x1023_3,1.07838
1007_3x1023_3,1.05454
1008_3x1023_3,1.0377
1009_3x1023_3,1.00764
1010_3x1023_3,0.900374
1011_3x1023_3,0.995042
1012_3x1023_3,0.954486
1013_3x1023_3,0.99094
1014_3x1023_3,1.03624
1015_3x1023_3,1.07248
1017_3x1023_3,0.974759
1018_3x1023_3,1.03868
1019_3x1023_3,1.02058
1024_3x1023_3,1.02819
1025_3x1023_3,1.03403
1036_3x1023_3,0.960333
1038_3x1023_3,1.05259
1039_3x1023_3,1.00043
1101_3x1023_3,1.0152
1104_3x1023_3,0.94623
1107_3x1023_3,0.955953
1110_3x1023_3,1.04517
1113_3x1023_3,1.057
1116_3x1023_3,1.0012
1119_3x1023_3,0.996979
1122_3x1023_3,0.910683
1125_3x1023_3,0.956278
1128_3x1023_3,0.939654
1102_3x1023_3,1.01138
1103_3x1023_3,1.05567
1105_3x1023_3,1.02704
1106_3x1023_3,0.973529
1108_3x1023_3,1.00937
1111_3x1023_3,1.04123
1114_3x1023_3,0.995563
1117_3x1023_3,1.03173
1120_3x1023_3,0.958629
1127_3x1023_3,0.975787
1135_1x1023_3,0.695301
1137_1x1023_3,0.6936
1000_3x1024_3,1.01921
1001_3x1024_3,1.01779
1002_3x1024_3,0.945227
1003_3x1024_3,0.995399
1004_3x1024_3,1.18871
1005_3x1024_3,1.04441
1006_3x1024_3,1.01953
1007_3x1024_3,0.991671
1008_3x1024_3,0.948218
1009_3x1024_3,1.05236
1010_3x1024_3,1.0284
1011_3x1024_3,1.01713
1012_3x1024_3,0.995614
1013_3x1024_3,1.02052
1014_3x1024_3,0.930142
1015_3x1024_3,1.0299
1017_3x1024_3,0.849781
1018_3x1024_3,0.986249
1019_3x1024_3,0.989874
1023_3x1024_3,1.01554
1025_3x1024_3,1.0682
1036_3x1024_3,1.04928
1038_3x1024_3,0.996702
1039_3x1024_3,0.983533
1101_3x1024_3,0.916251
1104_3x1024_3,1.02934
1107_3x1024_3,0.835373
1110_3x1024_3,0.974988
1113_3x1024_3,0.93997
1116_3x1024_3,0.987695
1119_3x1024_3,0.935534
1122_3x1024_3,0.991454
1125_3x1024_3,0.994474
1128_3x1024_3,0.863614
1102_3x1024_3,1.03204
1103_3x1024_3,1.08372
1105_3x1024_3,0.943028
1106_3x1024_3,0.912593
1108_3x1024_3,0.941674
1111_3x1024_3,0.996537
1114_3x1024_3,0.928568
1117_3x1024_3,0.976444
1120_3x1024_3,1.01792
1127_3x1024_3,0.905782
1135_1x1024_3,0.758311
1137_1x1024_3,0.753158
1000_3x1025_3,1.05651
1001_3x1025_3,1.02975
1002_3x1025_3,0.997774
1003_3x1025_3,1.03695
1004_3x1025_3,1.102
1005_3x1025_3,1.16421
1006_3x1025_3,1.08067
1007_3x1025_3,1.02837
1008_3x1025_3,1.01445
1009_3x1025_3,1.04832
1010_3x1025_3,0.977509
1011_3x1025_3,1.0429
1012_3x1025_3,1.00031
1013_3x1025_3,1.02198
1014_3x1025_3,0.972186
1015_3x1025_3,1.08275
1017_3x1025_3,0.90898
1018_3x1025_3,1.018
1019_3x1025_3,1.02038
1023_3x1025_3,1.03768
1024_3x1025_3,1.07345
1036_3x1025_3,1.05068
1038_3x1025_3,1.02914
1039_3x1025_3,1.01342
1101_3x1025_3,0.962065
1104_3x1025_3,1.00027
1107_3x1025_3,0.928049
1110_3x1025_3,1.00898
1113_3x1025_3,0.99977
1116_3x1025_3,1.02608
1119_3x1025_3,0.994316
1122_3x1025_3,0.977542
1125_3x1025_3,0.969116
1128_3x1025_3,0.883072
1102_3x1025_3,1.04263
1103_3x1025_3,1.11149
1105_3x1025_3,1.00892
1106_3x1025_3,0.97507
1108_3x1025_3,0.989982
1111_3x1025_3,1.03356
1114_3x1025_3,0.994694
1117_3x1025_3,1.01033
1120_3x1025_3,1.03547
1127_3x1025_3,0.975873
1135_1x1025_3,0.748842
1137_1x1025_3,0.769661
1000_3x1036_3,1.00296
1001_3x1036_3,0.984449
1002_3x1036_3,0.94188
1003_3x1036_3,0.985572
1004_3x1036_3,1.04491
1005_3x1036_3,0.998301
1006_3x1036_3,0.97318
1007_3x1036_3,0.950379
1008_3x1036_3,0.890932
1009_3x1036_3,1.00744
1010_3x1036_3,0.997542
1011_3x1036_3,0.982261
1012_3x1036_3,1.01196
1013_3x1036_3,0.972868
1014_3x1036_3,0.906426
1015_3x1036_3,1.02343
1017_3x1036_3,0.806253
1018_3x1036_3,0.910321
1019_3x1036_3,1.0205
1023_3x1036_3,0.96096
1024_3x1036_3,1.04161
1025_3x1036_3,1.05078
1038_3x1036_3,0.924946
1039_3x1036_3,1.04115
1101_3x1036_3,0.844283
1104_3x1036_3,1.03931
1107_3x1036_3,0.874972
1110_3x1036_3,0.974852
1113_3x1036_3,0.914188
1116_3x1036_3,0.943469
1119_3x1036_3,0.922237
1122_3x1036_3,1.01552
1125_3x1036_3,0.95241
1128_3x1036_3,0.819958
1102_3x1036_3,1.0256
1103_3x1036_3,1.06866
1105_3x1036_3,0.933593
1106_3x1036_3,0.911576
1108_3x1036_3,0.920762
1111_3x1036_3,0.977072
1114_3x1036_3,0.903862
1117_3x1036_3,0.963791
1120_3x1036_3,1.05419
1127_3x1036_3,0.918078
1135_1x1036_3,0.777792
1137_1x1036_3,0.777705
1000_3x1038_3,1.07583
1001_3x1038_3,0.996591
1002_3x1038_3,0.985811
1003_3x1038_3,1.06526
1004_3x1038_3,1.08028
1005_3x1038_3,1.02956
1006_3x1038_3,1.10031
1007_3x1038_3,1.07436
1008_3x1038_3,1.07127
1009_3x1038_3,1.04084
1010_3x1038_3,0.91206
1011_3x1038_3,1.01613
1012_3x1038_3,0.985703
1013_3x1038_3,1.01924
1014_3x1038_3,1.05518
1015_3x1038_3,1.0767
1017_3x1038_3,0.967238
1018_3x1038_3,1.14999
1019_3x1038_3,1.02809
1023_3x1038_3,1.09237
1024_3x1038_3,1.04277
1025_3x1038_3,1.07096
1036_3x1038_3,0.968218
1039_3x1038_3,1.01387
1101_3x1038_3,1.03974
1104_3x1038_3,0.951271
1107_3x1038_3,0.966942
1110_3x1038_3,1.04333
1113_3x1038_3,1.05795
1116_3x1038_3,1.0344
1119_3x1038_3,1.00197
1122_3x1038_3,0.950782
1125_3x1038_3,0.953911
1128_3x1038_3,0.951886
1102_3x1038_3,1.02393
1103_3x1038_3,1.09672
1105_3x1038_3,1.02773
1106_3x1038_3,0.983489
1108_3x1038_3,1.03489
1111_3x1038_3,1.05831
1114_3x1038_3,1.003
1117_3x1038_3,1.04388
1120_3x1038_3,0.989087
1127_3x1038_3,0.96181
1135_1x1038_3,0.69867
1137_1x1038_3,0.722282
1000_3x1039_3,1.03457
1001_3x1039_3,0.961627
1002_3x1039_3,0.92313
1003_3x1039_3,1.02832
1004_3x1039_3,1.02184
1005_3x1039_3,0.971205
1006_3x1039_3,1.00208
1007_3x1039_3,1.01577
1008_3x1039_3,0.959837
1009_3x1039_3,0.972361
1010_3x1039_3,0.896432
1011_3x1039_3,0.976228
1012_3x1039_3,0.998297
1013_3x1039_3,0.976423
1014_3x1039_3,0.98301
1015_3x1039_3,1.0397
1017_3x1039_3,0.867641
1018_3x1039_3,0.974012
1019_3x1039_3,1.16379
1023_3x1039_3,1.0124
1024_3x1039_3,0.991686
1025_3x1039_3,1.02878
1036_3x1039_3,1.06301
1038_3x1039_3,0.990367
1101_3x1039_3,0.918258
1104_3x1039_3,0.97074
1107_3x1039_3,0.922519
1110_3x1039_3,1.01309
1113_3x1039_3,0.986363
1116_3x1039_3,0.950881
1119_3x1039_3,0.954496
1122_3x1039_3,0.962117
1125_3x1039_3,0.919184
1128_3x1039_3,0.909276
1102_3x1039_3,1.00422
1103_3x1039_3,1.04174
1105_3x1039_3,0.987226
1106_3x1039_3,0.933943
1108_3x1039_3,0.999067
1111_3x1039_3,1.02889
1114_3x1039_3,0.934796
1117_3x1039_3,1.02522
1120_3x1039_3,1.0061
1127_3x1039_3,0.952636
1135_1x1039_3,0.713208
1137_1x1039_3,0.745125
1000_3x1101_3,1.03403
1001_3x1101_3,0.934598
1002_3x1101_3,0.954979
1003_3x1101_3,1.028
1004_3x1101_3,1.0051
1005_3x1101_3,0.962793
1006_3x1101_3,1.05361
1007_3x1101_3,1.04848
1008_3x1101_3,1.04471
1009_3x1101_3,0.967645
1010_3x1101_3,0.843568
1011_3x1101_3,0.963665
1012_3x1101_3,0.913971
1013_3x1101_3,0.955497
1014_3x1101_3,1.03491
1015_3x1101_3,1.01939
1017_3x1101_3,0.949473
1018_3x1101_3,1.03279
1019_3x1101_3,0.980018
1023_3x1101_3,1.06521
1024_3x1101_3,0.97075
1025_3x1101_3,0.999204
1036_3x1101_3,0.888525
1038_3x1101_3,1.04848
1039_3x1101_3,0.955512
1104_3x1101_3,0.879547
1107_3x1101_3,0.938403
1110_3x1101_3,1.01984
1113_3x1101_3,1.04052
1116_3x1101_3,0.990407
1119_3x1101_3,0.973176
1122_3x1101_3,0.858449
1125_3x1101_3,0.912232
1128_3x1101_3,0.944561
1102_3x1101_3,0.96253
1103_3x1101_3,1.01966
1105_3x1101_3,1.02492
1106_3x1101_3,0.953698
1108_3x1101_3,1.03218
1111_3x1101_3,1.01684
1114_3x1101_3,0.984639
1117_3x1101_3,1.01397
1120_3x1101_3,0.920182
1127_3x1101_3,0.966596
1135_1x1101_3,0.639853
1137_1x1101_3,0.642519
1000_3x1104_3,1.04774
1001_3x1104_3,1.03373
1002_3x1104_3,0.973601
1003_3x1104_3,1.02181
1004_3x1104_3,1.09779
1005_3x1104_3,1.03352
1006_3x1104_3,1.00741
1007_3x1104_3,0.987967
1008_3x1104_3,0.938411
1009_3x1104_3,1.06515
1010_3x1104_3,1.04443
1011_3x1104_3,1.02401
1012_3x1104_3,1.05017
1013_3x1104_3,1.02473
1014_3x1104_3,0.95583
1015_3x1104_3,1.03722
1017_3x1104_3,0.852898
1018_3x1104_3,0.972151
1019_3x1104_3,1.02811
1023_3x1104_3,1.01208
1024_3x1104_3,1.09454
1025_3x1104_3,1.07034
1036_3x1104_3,1.13266
1038_3x1104_3,0.98574
1039_3x1104_3,1.0427
1101_3x1104_3,0.893321
1107_3x1104_3,0.891924
1110_3x1104_3,1.01227
1113_3x1104_3,0.950336
1116_3x1104_3,0.991917
1119_3x1104_3,0.949972
1122_3x1104_3,1.04534
1125_3x1104_3,1.00878
1128_3x1104_3,0.85294
1102_3x1104_3,1.06183
1103_3x1104_3,1.10759
1105_3x1104_3,0.972699
1106_3x1104_3,0.939838
1108_3x1104_3,0.961674
1111_3x1104_3,1.0197
1114_3x1104_3,0.926589
1117_3x1104_3,1.00185
1120_3x1104_3,1.07419
1127_3x1104_3,0.934218
1135_1x1104_3,0.797376
1137_1x1104_3,0.801071
1000_3x1107_3,1.04041
1001_3x1107_3,0.864075
1002_3x1107_3,1.04679
1003_3x1107_3,1.0286
1004_3x1107_3,0.925184
1005_3x1107_3,0.936663
1006_3x1107_3,1.03047
1007_3x1107_3,0.986468
1008_3x1107_3,0.985461
1009_3x1107_3,0.913537
1010_3x1107_3,0.791885
1011_3x1107_3,0.914895
1012_3x1107_3,0.86915
1013_3x1107_3,0.897557
1014_3x1107_3,0.988728
1015_3x1107_3,1.01765
1017_3x1107_3,1.00917
1018_3x1107_3,0.956072
1019_3x1107_3,0.965188
1023_3x1107_3,1.01186
1024_3x1107_3,0.863234
1025_3x1107_3,0.987122
1036_3x1107_3,0.93435
1038_3x1107_3,0.969201
1039_3x1107_3,0.954172
1101_3x1107_3,0.948022
1104_3x1107_3,0.885039
1110_3x1107_3,0.999751
1113_3x1107_3,0.994359
1116_3x1107_3,0.892554
1119_3x1107_3,0.977406
1122_3x1107_3,0.836148
1125_3x1107_3,0.799387
1128_3x1107_3,0.906999
1102_3x1107_3,0.935548
1103_3x1107_3,1.0017
1105_3x1107_3,1.04844
1106_3x1107_3,1.00217
1108_3x1107_3,0.991001
1111_3x1107_3,0.964099
1114_3x1107_3,1.00148
1117_3x1107_3,0.954671
1120_3x1107_3,0.887213
1127_3x1107_3,1.0007
1135_1x1107_3,0.62492
1137_1x1107_3,0.640859
1000_3x1110_3,1.01106
1001_3x1110_3,0.960128
1002_3x1110_3,0.983018
1003_3x1110_3,1.06639
1004_3x1110_3,1.02283
1005_3x1110_3,0.974151
1006_3x1110_3,1.05428
1007_3x1110_3,1.03717
1008_3x1110_3,0.999382
1009_3x1110_3,0.984137
1010_3x1110_3,0.894796
1011_3x1110_3,0.968668
1012_3x1110_3,0.957686
1013_3x1110_3,0.977687
1014_3x1110_3,1.00769
1015_3x1110_3,1.08361
1017_3x1110_3,0.917472
1018_3x1110_3,1.00902
1019_3x1110_3,1.05084
1023_3x1110_3,1.06792
1024_3x1110_3,0.989419
1025_3x1110_3,1.02898
1036_3x1110_3,1.00582
1038_3x1110_3,1.02186
1039_3x1110_3,1.01621
1101_3x1110_3,0.996165
1104_3x1110_3,0.952327
1107_3x1110_3,0.972557
1113_3x1110_3,1.04564
1116_3x1110_3,0.959586
1119_3x1110_3,0.983843
1122_3x1110_3,0.91545
1125_3x1110_3,0.90243
1128_3x1110_3,0.947959
1102_3x1110_3,0.986308
1103_3x1110_3,1.06485
1105_3x1110_3,1.02891
1106_3x1110_3,1.03402
1108_3x1110_3,1.01691
1111_3x1110_3,1.055
1114_3x1110_3,0.987389
1117_3x1110_3,0.996262
1120_3x1110_3,0.979558
1127_3x1110_3,0.938584
1135_1x1110_3,0.727826
1137_1x1110_3,0.750248
1000_3x1113_3,1.03037
1001_3x1113_3,0.947012
1002_3x1113_3,0.957219
1003_3x1113_3,1.06709
1004_3x1113_3,1.01338
1005_3x1113_3,0.980524
1006_3x1113_3,1.08418
1007_3x1113_3,1.03325
1008_3x1113_3,1.03189
1009_3x1113_3,0.968222
1010_3x1113_3,0.848658
1011_3x1113_3,0.958007
1012_3x1113_3,0.907681
1013_3x1113_3,0.955637
1014_3x1113_3,1.02067
1015_3x1113_3,1.04238
1017_3x1113_3,0.969185
1018_3x1113_3,1.02192
1019_3x1113_3,1.01685
1023_3x1113_3,1.0791
1024_3x1113_3,0.971362
1025_3x1113_3,1.02492
1036_3x1113_3,0.943357
1038_3x1113_3,1.03774
1039_3x1113_3,0.988252
1101_3x1113_3,1.02323
1104_3x1113_3,0.914586
1107_3x1113_3,0.962199
1110_3x1113_3,1.04259
1116_3x1113_3,0.974374
1119_3x1113_3,1.00884
1122_3x1113_3,0.864162
1125_3x1113_3,0.916264
1128_3x1113_3,0.90093
1102_3x1113_3,0.984716
1103_3x1113_3,1.03704
1105_3x1113_3,1.02148
1106_3x1113_3,0.980239
1108_3x1113_3,1.01129
1111_3x1113_3,1.042
1114_3x1113_3,1.02208
1117_3x1113_3,1.01293
1120_3x1113_3,0.934649
1127_3x1113_3,0.952558
1135_1x1113_3,0.660703
1137_1x1113_3,0.683082
1000_3x1116_3,1.01423
1001_3x1116_3,0.914987
1002_3x1116_3,0.916406
1003_3x1116_3,0.984522
1004_3x1116_3,1.02012
1005_3x1116_3,0.973306
1006_3x1116_3,1.01026
1007_3x1116_3,0.970097
1008_3x1116_3,0.933629
1009_3x1116_3,1.00485
1010_3x1116_3,0.8736
1011_3x1116_3,0.968125
1012_3x1116_3,0.96186
1013_3x1116_3,0.942885
1014_3x1116_3,0.972244
1015_3x1116_3,0.996602
1017_3x1116_3,0.845739
1018_3x1116_3,0.990371
1019_3x1116_3,0.968134
1023_3x1116_3,1.01086
1024_3x1116_3,0.980982
1025_3x1116_3,1.03566
1036_3x1116_3,0.969406
1038_3x1116_3,1.01149
1039_3x1116_3,0.968685
1101_3x1116_3,0.937268
1104_3x1116_3,0.930476
1107_3x1116_3,0.881173
1110_3x1116_3,0.963767
1113_3x1116_3,0.955308
1119_3x1116_3,0.931582
1122_3x1116_3,0.946177
1125_3x1116_3,0.900599
1128_3x1116_3,0.867582
1102_3x1116_3,0.976771
1103_3x1116_3,1.0458
1105_3x1116_3,0.938225
1106_3x1116_3,0.900324
1108_3x1116_3,0.962863
1111_3x1116_3,0.98648
1114_3x1116_3,0.910036
1117_3x1116_3,0.974463
1120_3x1116_3,0.986762
1127_3x1116_3,0.873349
1135_1x1116_3,0.677112
1137_1x1116_3,0.702197
1000_3x1119_3,1.0593
1001_3x1119_3,0.945768
1002_3x1119_3,0.990147
1003_3x1119_3,1.04532
1004_3x1119_3,1.02
1005_3x1119_3,0.991381
1006_3x1119_3,1.05385
1007_3x1119_3,1.01451
1008_3x1119_3,0.989554
1009_3x1119_3,0.98113
1010_3x1119_3,0.871727
1011_3x1119_3,0.969175
1012_3x1119_3,0.937255
1013_3x1119_3,0.938391
1014_3x1119_3,1.0144
1015_3x1119_3,1.03894
1017_3x1119_3,0.973771
1018_3x1119_3,0.996189
1019_3x1119_3,1.01289
1023_3x1119_3,1.04863
1024_3x1119_3,0.984799
1025_3x1119_3,1.03231
1036_3x1119_3,0.965881
1038_3x1119_3,1.01449
1039_3x1119_3,0.998864
1101_3x1119_3,0.970693
1104_3x1119_3,0.93589
1107_3x1119_3,0.968702
1110_3x1119_3,1.01441
1113_3x1119_3,1.03142
1116_3x1119_3,0.975219
1122_3x1119_3,0.906595
1125_3x1119_3,0.90757
1128_3x1119_3,0.919056
1102_3x1119_3,0.999698
1103_3x1119_3,1.05973
1105_3x1119_3,1.03697
1106_3x1119_3,1.01028
1108_3x1119_3,1.02847
1111_3x1119_3,1.02509
1114_3x1119_3,1.04609
1117_3x1119_3,0.992421
1120_3x1119_3,0.959301
1127_3x1119_3,0.987897
1135_1x1119_3,0.702346
1137_1x1119_3,0.707401
1000_3x1122_3,1.02734
1001_3x1122_3,0.998933
1002_3x1122_3,0.93302
1003_3x1122_3,0.967295
1004_3x1122_3,1.06284
1005_3x1122_3,1.00314
1006_3x1122_3,0.956712
1007_3x1122_3,0.93745
1008_3x1122_3,0.911527
1009_3x1122_3,1.03845
1010_3x1122_3,1.0133
1011_3x1122_3,1.00095
1012_3x1122_3,1.0331
1013_3x1122_3,0.989015
1014_3x1122_3,0.934902
1015_3x1122_3,0.996626
1017_3x1122_3,0.820406
1018_3x1122_3,0.944005
1019_3x1122_3,0.995016
1023_3x1122_3,0.967483
1024_3x1122_3,1.06557
1025_3x1122_3,1.02854
1036_3x1122_3,1.07532
1038_3x1122_3,0.965123
1039_3x1122_3,1.01272
1101_3x1122_3,0.862706
1104_3x1122_3,1.05023
1107_3x1122_3,0.839077
1110_3x1122_3,0.954868
1113_3x1122_3,0.895755
1116_3x1122_3,1.00375
1119_3x1122_3,0.913682
1125_3x1122_3,1.02159
1128_3x1122_3,0.857726
1102_3x1122_3,1.0427
1103_3x1122_3,1.0463
1105_3x1122_3,0.942398
1106_3x1122_3,0.873717
1108_3x1122_3,0.91753
1111_3x1122_3,0.973394
1114_3x1122_3,0.87052
1117_3x1122_3,0.975874
1120_3x1122_3,1.04712
1127_3x1122_3,0.914103
1135_1x1122_3,0.733013
1137_1x1122_3,0.720834
1000_3x1125_3,0.976491
1001_3x1125_3,0.9865
1002_3x1125_3,0.922272
1003_3x1125_3,0.955449
1004_3x1125_3,1.04174
1005_3x1125_3,0.97693
1006_3x1125_3,0.957599
1007_3x1125_3,0.95774
1008_3x1125_3,0.90544
1009_3x1125_3,1.01463
1010_3x1125_3,1.01693
1011_3x1125_3,0.979012
1012_3x1125_3,0.982526
1013_3x1125_3,0.960354
1014_3x1125_3,0.895312
1015_3x1125_3,0.994439
1017_3x1125_3,0.833297
1018_3x1125_3,0.943129
1019_3x1125_3,0.95136
1023_3x1125_3,0.979218
1024_3x1125_3,1.04475
1025_3x1125_3,1.0006
1036_3x1125_3,0.997264
1038_3x1125_3,0.960754
1039_3x1125_3,0.950395
1101_3x1125_3,0.889139
1104_3x1125_3,0.985174
1107_3x1125_3,0.812498
1110_3x1125_3,0.927513
1113_3x1125_3,0.91994
1116_3x1125_3,0.956562
1119_3x1125_3,0.893172
1122_3x1125_3,0.990485
1128_3x1125_3,0.840263
1102_3x1125_3,0.985847
1103_3x1125_3,1.01285
1105_3x1125_3,0.936319
1106_3x1125_3,0.846136
1108_3x1125_3,0.905348
1111_3x1125_3,0.975619
1114_3x1125_3,0.894323
1117_3x1125_3,0.952207
1120_3x1125_3,1.01502
1127_3x1125_3,0.89287
1135_1x1125_3,0.69336
1137_1x1125_3,0.666778
1000_3x1128_3,1.01711
1001_3x1128_3,0.880732
1002_3x1128_3,0.960497
1003_3x1128_3,0.974646
1004_3x1128_3,0.967915
1005_3x1128_3,0.900936
1006_3x1128_3,0.964095
1007_3x1128_3,0.994791
1008_3x1128_3,0.982527
1009_3x1128_3,0.905594
1010_3x1128_3,0.816481
1011_3x1128_3,0.919572
1012_3x1128_3,0.886441
1013_3x1128_3,0.920213
1014_3x1128_3,0.982767
1015_3x1128_3,1.01963
1017_3x1128_3,0.919084
1018_3x1128_3,0.961771
1019_3x1128_3,0.986237
1023_3x1128_3,1.00621
1024_3x1128_3,0.93751
1025_3x1128_3,0.946325
1036_3x1128_3,0.888602
1038_3x1128_3,0.97777
1039_3x1128_3,0.97089
1101_3x1128_3,0.96258
1104_3x1128_3,0.865132
1107_3x1128_3,0.920385
1110_3x1128_3,0.996464
1113_3x1128_3,0.942495
1116_3x1128_3,0.934991
1119_3x1128_3,0.936692
1122_3x1128_3,0.867955
1125_3x1128_3,0.878125
1102_3x1128_3,0.939664
1103_3x1128_3,0.974031
1105_3x1128_3,1.02646
1106_3x1128_3,0.93237
1108_3x1128_3,1.01756
1111_3x1128_3,0.959303
1114_3x1128_3,0.942564
1117_3x1128_3,0.974509
1120_3x1128_3,0.892013
1127_3x1128_3,0.969462
1135_1x1128_3,0.584937
1137_1x1128_3,0.586779
